items,class_code
"Xerox paper",10103
"C SCAN Machine",10201
"CARBON FIBER",20202
"MATERIAL",40404
"DESKTOP COMPUTER",10401
"Type 119-171 wattmeters as above but with a single current ratings of 30 Amps, scaled 0-3600 watts",522001
"Gypsy Maruti  King MP14 WD 12988 CC RHD",231002
"Steel rule 1 mtr length",522003
"Steel rule 102/1 length 1000mm cross section 40x8mm",522003
"Mahindra Vehicle model No. FJ460",231002
"Go+ Datsun A (O) BS IV Petrol",231001
"Go+ Datsun A BS IV Petrol",231001
"Go+ Datsun D BS IV Petrol",231001
"Go+ Datsun T (O) BS IV Petrol",231001
"Go+ Datsun T (O) Cvt BS IV Petrol",231001
"Go+ Datsun T (O) Vdc BS IV Petrol",231001
"Go+ Datsun T BS IV Petrol",231001
"Go+ Datsun T Cvt BS IV Petrol",231001
"Go+ Datsun T Vdc BS IV Petrol",231001
"Mercedes-Benz A-Class 180 BS IV Petrol",231002
"Mercedes-Benz A-Class 200D BS IV Diesel",231002
"Mercedes-Benz Amg Gt 4-Door Coupe 63 S 4Matic+ BS 6 Petrol",231002
"Mercedes-Benz Amg-Gt R BS IV Petrol",231002
"Mercedes-Benz Amg-Gt Roadster BS IV Petrol",231002
"Mercedes-Benz Amg-Gt S BS IV Petrol",231002
"Mercedes-Benz C-Class C 200 Prime BS 6 Petrol",231002
"Mercedes-Benz C-Class C 200 Progressive BS 6 Petrol",231002
"Mercedes-Benz C-Class C 220D Prime BS 6 Diesel",231002
"Mercedes-Benz C-Class C 220D Progressive BS 6 Diesel",231002
"Mercedes-Benz C-Class C 300D Amg Line BS 6 Diesel",231002
"Mercedes-Benz C-Class C 43 Amg BS 6 Petrol",231002
"Mercedes-Benz C-Class Cabriolet C300 BS 6 Petrol",231002
"Mercedes-Benz Cla-Class 200 D Sport BS IV Diesel",231002
"Mercedes-Benz Cls 300D BS 6 Diesel",231002
"Mercedes-Benz E-Class All Terrain E 220D BS 6 Diesel",231002
"Mercedes-Benz E-Class Cabriolet E400 BS IV Petrol",231002
"Mercedes-Benz E-Class E 63 S Amg BS IV Petrol",231002
"Mercedes-Benz E-Class E200 BS IV Petrol",231002
"Mercedes-Benz E-Class E200 Exclusive BS IV Petrol",231002
"Mercedes-Benz E-Class E200 Expression BS IV Petrol",231002
"Mercedes-Benz E-Class E220D BS IV Diesel",231002
"Mercedes-Benz E-Class E220D Exclusive BS IV Diesel",231002
"Mercedes-Benz E-Class E220D Expression BS IV Diesel",231002
"Mercedes-Benz E-Class E350 D BS IV Diesel",231002
"Mercedes-Benz Gla-Class 200 D Sport BS IV Diesel",231002
"Mercedes-Benz Gla-Class 200 D Style BS IV Diesel",231002
"Mercedes-Benz Gla-Class 200 Sport BS IV Petrol",231002
"Mercedes-Benz Gla-Class 220 D 4Matic BS IV Diesel",231002
"Mercedes-Benz Gla-Class 45 Aero Edition BS IV Petrol",231002
"Mercedes-Benz Gla-Class 45 Amg 4Matic BS IV Petrol",231002
"Mercedes-Benz Glc 200 Progressive BS 6 Petrol",231002
"Mercedes-Benz Glc 220D 4Matic Progressive BS 6 Diesel",231002
"Mercedes-Benz Gle 300D 4Matic BS 6 Diesel",231002
"Mercedes-Benz Gle 400D 4Matic Hip Hop Edition BS 6 Diesel",231002
"Mercedes-Benz S-Class Amg S 63 Coupe BS IV Petrol",231002
"Mercedes-Benz S-Class S 350 D BS IV Diesel",231002
"Mercedes-Benz S-Class S 450 BS IV Petrol",231002
"Mercedes-Benz V-Class Elite BS 6 Diesel",231002
"Mercedes-Benz V-Class Exclusive Lwb BS 6 Diesel",231002
"Mercedes-Benz V-Class Expression Elwb BS 6 Diesel",231002
"Rolls-Royce Cullinan Suv BS 6 Petrol",231002
"Rolls-Royce Dawn Convertible BS IV Petrol",231002
"Rolls-Royce Drophead Coupe Phantom BS IV Petrol",231002
"Rolls-Royce Ghost Series Ii 6.6 BS IV Petrol",231002
"Rolls-Royce Ghost Series Ii Ewb BS IV Petrol",231002
"Rolls-Royce Phantom Coupe 6.8 L BS IV Petrol",231002
"Rolls-Royce Phantom Ewb BS IV Petrol",231002
"Rolls-Royce Phantom Sedan BS IV Petrol",231002
"Rolls-Royce Wraith Coupe BS IV Petrol",231002
"Aston Martin Db 11 V12  Petrol",231002
"Aston Martin Rapide Luxe BS IV Petrol",231002
"Aston Martin Vantage Coupe BS IV Petrol",231002
"Audi A3 35 Tdi Premium Plus BS IV Diesel",231002
"Audi A3 35 Tdi Technology BS IV Diesel",231002
"Audi A3 35 Tfsi Premium Plus BS IV Petrol",231002
"Audi A3 35 Tfsi Technology BS IV Petrol",231002
"Audi A3 Cabriolet 40 Tfsi BS IV Petrol",231002
"Audi A4 Premium Plus 35 Tfsi BS IV Petrol",231002
"Audi A4 Technology 35 Tfsi BS IV Petrol",231002
"Audi A5 Cabriolet 2.0 Tdi BS IV Diesel",231002
"Audi A5 Sportback BS IV Diesel",231002
"Audi A6 Premium Plus 45 Tfsi BS 6 Petrol",231002
"Audi A6 Technology 45 Tfsi BS 6 Petrol",231002
"Audi A8 L 55 Tfsi Quattro BS 6 Petrol",231002
"Audi Q3 30 Tdi Premium Fwd BS IV Diesel",231002
"Audi Q3 30 Tfsi Premium BS IV Petrol",231002
"Audi Q3 35 Tdi Quattro Premium Plus BS IV Diesel",231002
"Audi Q3 35 Tdi Quattro Technology BS IV Diesel",231002
"Audi Q5 35 Tdi Premium Plus BS IV Diesel",231002
"Audi Q5 35 Tdi Technology BS IV Diesel",231002
"Audi Q5 45 Tfsi Premium Plus BS IV Petrol",231002
"Audi Q5 45 Tfsi Technology BS IV Petrol",231002
"Audi Q7 40 Tfsi Quattro Black Styling BS IV Petrol",231002
"Audi Q7 40 Tfsi Quattro Premium Plus BS IV Petrol",231002
"Audi Q7 40 Tfsi Quattro Technology Pack BS IV Petrol",231002
"Audi Q7 45 Tdi Black Styling BS IV Diesel",231002
"Audi Q7 45 Tdi Premium Plus BS IV Diesel",231002
"Audi Q7 45 Tdi Technology Pack BS IV Diesel",231002
"Audi Q8 55 Tfsi Quattro Tiptronic BS 6 Petrol",231002
"Audi R8 V10 Plus BS IV Petrol",231002
"Audi Rs5 Coupe BS IV Petrol",231002
"Audi Rs7 Sportback BS IV Petrol",231002
"Audi S5 Sportback BS IV Petrol",231002
"Bajaj Qute (Re60) Qcar BS IV Petrol",231002
"Bajaj Qute (Re60) Qcar Cng BS IV CNG",231002
"Bentley Bentayga V8 BS IV Petrol",231002
"Bentley Bentayga W12 BS IV Petrol",231002
"Bentley Continental Gt Coupe BS IV Petrol",231002
"Bentley Flying Spur V8 BS IV Petrol",231002
"Bentley Flying Spur W12 BS IV Petrol",231002
"Bentley Mulsanne Sedan BS IV Petrol",231002
"Bmw 3-Series 320D Luxury Line BS 6 Diesel",231002
"Bmw 3-Series 320D Sport BS 6 Diesel",231002
"Bmw 3-Series 330I M Sport BS 6 Petrol",231002
"Bmw 5-Series 520D Luxury Line BS IV Diesel",231002
"Bmw 5-Series 530D M Sport BS IV Diesel",231002
"Bmw 5-Series 530I M Sport BS IV Petrol",231002
"Bmw 6-Series 620D Gt Luxury Line BS IV Diesel",231002
"Bmw 6-Series 630D Gt Luxury Line BS IV Diesel",231002
"Bmw 6-Series 630D Gt M Sport BS IV Diesel",231002
"Bmw 6-Series 630I Gt Luxury Line BS IV Petrol",231002
"Bmw 7-Series 730Ld Design Pure Excellence BS 6 Diesel",231002
"Bmw 7-Series 730Ld Design Pure Excellence Signature BS 6 Diesel",231002
"Bmw 7-Series 730Ld M Sport BS 6 Diesel",231002
"Bmw 7-Series 740Li Design Pure Excellence Signature BS 6 Petrol",231002
"Bmw 7-Series 745Le Xdrive BS 6 Hybrid",231002
"Bmw 7-Series M760Li Xdrive BS 6 Petrol",231002
"Bmw M2 Competition Coupe BS 6 Petrol",231002
"Bmw M4 Coupe BS IV Petrol",231002
"Bmw M5 Competition BS 6 Petrol",231002
"Bmw X1 Sdrive20D Expedition BS IV Diesel",231002
"Bmw X1 Sdrive20D M Sport BS IV Diesel",231002
"Bmw X1 Sdrive20D Xline BS IV Diesel",231002
"Bmw X1 Sdrive20I Xline BS 6 Petrol",231002
"Bmw X1 Xdrive20D M Sport BS IV Diesel",231002
"Bmw X3 Xdrive 20D Luxury Line BS IV Diesel",231002
"Bmw X3 Xdrive 30I Luxury Line BS IV Petrol",231002
"Bmw X3 Xdrive20D Xline BS IV Diesel",231002
"Bmw X4 Xdrive20D M Sport X BS 6 Diesel",231002
"Bmw X4 Xdrive30D M Sport X BS 6 Diesel",231002
"Bmw X4 Xdrive30I M Sport X BS 6 Petrol",231002
"Bmw X5 Xdrive30D Sport BS IV Diesel",231002
"Bmw X5 Xdrive30D Xline BS IV Diesel",231002
"Nirbhay: long-range subsonic cruise missile. (under development)",100000
"Prahaar: tactical short-range ballistic missile.",100000
"Pragati: Higher range variant of Prahaar",100000
"Pralay: short-range ballistic missile",100000
"Pinaka: guided rockets (Pinaka Mk1 unguided & MK2 guided rockets, Pinaka MkIII in development)",100000
"Barak 8: long-range surface-to-air missile.",100000
"Maitri (missile) DRDO quick-reaction surface-to-air missile.",100000
"QRSAM DRDO, BEL and BDL's quick reaction surface-to-air missile.",100000
"Pradyumna ballistic missile interceptor: ballistic missile interceptor, surface-to-air missile.",100000
"Ashwin Ballistic Missile Interceptor: ballistic missile interceptor and antiaircraft missile.",100000
"Trishul (missile): surface-to-air missile.",100000
"Prithvi Air Defence: exoatmospheric antiballistic missile.",100000
"Advanced Air Defence: endoatmospheric antiballistic missile.",100000
"Prithvi Defence Vehicle: antiballistic missile.",100000
"PDV MkI",100000
"PDV MkII (ASAT & ICBM interceptor)",100000
"AD-1 & AD-2 (Program AD ballistic missile defence system) - exoatmospheric antiballistic missile and potential hypersonic glide vehicle interceptor.[6][7] (under development)",100000
"XR-SAM: Long-range surface to air missile[8]",100000
"Pranash : Short-range tactical ballistic missile[9]",100000
"Bmw X5 Xdrive40I M Sport BS IV Petrol",231002
"Bmw X7 Xdrive 40I BS 6 Petrol",231002
"Bmw X7 Xdrive30D Dpe Signature BS 6 Diesel",231002
"Bmw Z4 Roadster M 40I BS 6 Petrol",231002
"Bmw Z4 Roadster Sdrive 20I BS 6 Petrol",231002
"Bugatti Chiron Sport BS 6 Petrol",231002
"Bugatti Chiron W16 BS 6 Petrol",231002
"Datsun Go A (O) BS IV Petrol",231002
"Datsun Go A BS IV Petrol",231002
"Datsun Go D BS IV Petrol",231002
"Datsun Go T (O) BS IV Petrol",231002
"Datsun Go T (O) Cvt BS IV Petrol",231002
"Datsun Go T (O) Vdc BS IV Petrol",231002
"Datsun Go T BS IV Petrol",231002
"Datsun Go T Cvt BS IV Petrol",231002
"Datsun Go T Vdc BS IV Petrol",231002
"Datsun Redi-Go 1.0 S Amt BS IV Petrol",231002
"Datsun Redi-Go 1.0 S BS IV Petrol",231002
"Datsun Redi-Go A BS IV Petrol",231002
"Datsun Redi-Go D BS IV Petrol",231002
"Datsun Redi-Go S BS IV Petrol",231002
"Datsun Redi-Go T BS IV Petrol",231002
"Dc Avanti Standard BS IV Petrol",231002
"Ferrari 458 Speciale Coupe BS IV Petrol",231002
"Ferrari 458 Spider V8 BS IV Petrol",231002
"Ferrari 488 Gtb Spider BS IV Petrol",231002
"Ferrari 488 Gtb Std BS IV Petrol",231002
"Ferrari 812 Superfast Superfast BS IV Petrol",231002
"Ferrari Gtc4 Lusso V12 BS IV Petrol",231002
"Ferrari Gtc4 Lusso V8 T BS IV Petrol",231002
"Ferrari Portofino V8 Convertible BS IV Petrol",231002
"Fiat Abarth Avventura 1.4 T-Jet BS IV Petrol",231001
"Fiat Abarth Punto 1.4 T-Jet BS IV Petrol",231001
"Fiat Avventura Multijet Active BS IV Diesel",231001
"Fiat Avventura Multijet Dynamic BS IV Diesel",231001
"Fiat Avventura Multijet Emotion BS IV Diesel",231001
"Fiat Linea Active Fire BS IV Petrol",231001
"Fiat Linea Active Multijet BS IV Diesel",231001
"Fiat Linea Classic 1.3 Multijet BS IV Diesel",231001
"Fiat Linea Classic 1.4 BS IV Petrol",231001
"Fiat Linea Classic Plus 1.3 Multijet BS IV Diesel",231001
"Fiat Linea Dynamic Multijet BS IV Diesel",231001
"Fiat Linea Emotion Multijet BS IV Diesel",231001
"Fiat Linea T-Jet Emotion BS IV Petrol",231001
"Fiat Punto Evo Active Multijet 1.3 BS IV Diesel",231001
"Fiat Punto Evo Dynamic 1.2 BS IV Petrol",231001
"Fiat Punto Evo Dynamic Multijet 1.3 BS IV Diesel",231001
"Fiat Punto Evo Emotion Multijet 1.3 BS IV Diesel",231001
"Fiat Punto Evo Pure 1.2L Fire Dynamic BS IV Petrol",231001
"Fiat Punto Evo Pure 1.3 BS IV Diesel",231001
"Fiat Urban Cross 1.3 Multijet Active BS IV Diesel",231001
"Fiat Urban Cross 1.3 Multijet Dynamic BS IV Diesel",231001
"Fiat Urban Cross 1.3 Multijet Emotion BS IV Diesel",231001
"Fiat Urban Cross 1.4 T-Jet Emotion BS IV Petrol",231001
"Force Gurkha Xpedition 3 Door BS IV Diesel",231002
"Force Gurkha Xpedition 5 Door BS IV Diesel",231002
"Force Gurkha Xplorer 3 Door BS IV Diesel",231002
"Force Gurkha Xplorer 5 Door BS IV Diesel",231002
"Force Gurkha Xtreme Abs BS IV Diesel",231002
"Force Gurkha Xtreme BS IV Diesel",231002
"Ford Aspire 1.2 Ti-Vct Ambiente BS IV Petrol",231001
"Ford Aspire 1.2 Ti-Vct Blu BS IV Petrol",231001
"Ford Aspire 1.2 Ti-Vct Titanium BS IV Petrol",231001
"Ford Aspire 1.2 Ti-Vct Titanium Plus BS IV Petrol",231001
"Ford Aspire 1.2 Ti-Vct Trend BS IV Petrol",231001
"Ford Aspire 1.2 Ti-Vct Trend Plus BS IV Petrol",231001
"Ford Aspire 1.2 Trend Plus Cng BS IV CNG",231001
"Ford Aspire 1.5 Tdci Ambiente BS IV Diesel",231001
"Ford Aspire 1.5 Tdci Blu BS IV Diesel",231001
"Ford Aspire 1.5 Tdci Titanium BS IV Diesel",231001
"Ford Aspire 1.5 Tdci Titanium Plus BS IV Diesel",231001
"Ford Aspire 1.5 Tdci Trend BS IV Diesel",231001
"Ford Aspire 1.5 Tdci Trend Plus BS IV Diesel",231001
"Ford Ecosport 1.5L Tdci Ambiente BS 6 Diesel",231002
"Ford Ecosport 1.5L Tdci Thunder Edition BS 6 Diesel",231002
"Ford Ecosport 1.5L Tdci Titanium BS 6 Diesel",231002
"Ford Ecosport 1.5L Tdci Titanium Plus BS 6 Diesel",231002
"Ford Ecosport 1.5L Tdci Titanium S BS 6 Diesel",231002
"Ford Ecosport 1.5L Tdci Trend BS 6 Diesel",231002
"Ford Ecosport 1.5L Ti-Vct Ambiente BS 6 Petrol",231002
"Ford Ecosport 1.5L Ti-Vct Thunder Edition BS 6 Petrol",231002
"Ford Ecosport 1.5L Ti-Vct Titanium BS 6 Petrol",231002
"Ford Ecosport 1.5L Ti-Vct Titanium Plus At BS 6 Petrol",231002
"Ford Ecosport 1.5L Ti-Vct Titanium Plus BS 6 Petrol",231002
"Ford Ecosport 1.5L Ti-Vct Trend BS 6 Petrol",231002
"Ford Endeavour 2.2L 4X2 At Titanium Plus BS IV Diesel",231002
"Ford Endeavour 2.2L 4X2 Mt Titanium BS IV Diesel",231002
"Ford Endeavour 3.2L 4X4 At Titanium Plus BS IV Diesel",231002
"Ford Figo Ambiente 1.2 Ti-Vct BS IV Petrol",231001
"Ford Figo Ambiente 1.5 Tdci BS IV Diesel",231001
"Ford Figo Titanium 1.2 Ti-Vct BS IV Petrol",231001
"Ford Figo Titanium Blu 1.2 Ti-Vct BS IV Petrol",231001
"Ford Figo Titanium Blu 1.5 Tdci BS IV Diesel",231001
"Ford Figo Titanium1.5 Tdci BS IV Diesel",231001
"Ford Freestyle 1.2L Ti-Vct Ambiente BS IV Petrol",231001
"Ford Freestyle 1.2L Ti-Vct Titanium BS IV Petrol",231001
"Ford Freestyle 1.2L Ti-Vct Titanium Plus BS IV Petrol",231001
"Ford Freestyle 1.2L Ti-Vct Trend Plus BS IV Petrol",231001
"Ford Freestyle 1.5L Tdci Ambiente BS IV Diesel",231001
"Ford Freestyle 1.5L Tdci Titanium BS IV Diesel",231001
"Ford Freestyle 1.5L Tdci Titanium Plus BS IV Diesel",231001
"Ford Freestyle 1.5L Tdci Trend Plus BS IV Diesel",231001
"Ford Mustang Fastback V8 BS IV Petrol",231002
"Honda Accord Hybrid 2.0 At BS IV Hybrid",231002
"Honda Amaze Ace Edition Cvt Diesel BS 6 Diesel",231001
"Honda Amaze Ace Edition Cvt Petrol BS 6 Petrol",231001
"Honda Amaze Ace Edition Mt Diesel BS 6 Diesel",231001
"Honda Amaze Ace Edition Mt Petrol BS 6 Petrol",231001
"Honda Amaze E Mt Diesel BS 6 Diesel",231001
"Honda Amaze E Mt Petrol BS 6 Petrol",231001
"Honda Amaze Exclusive Edition Diesel BS 6 Diesel",231001
"Honda Amaze Exclusive Edition Petrol BS 6 Petrol",231001
"Honda Amaze S Cvt Diesel BS 6 Diesel",231001
"Honda Amaze S Cvt Petrol BS 6 Petrol",231001
"Honda Amaze S Mt Diesel BS 6 Diesel",231001
"Honda Amaze S Mt Petrol BS 6 Petrol",231001
"Honda Amaze V Cvt Diesel BS 6 Diesel",231001
"Honda Amaze V Cvt Petrol BS 6 Petrol",231001
"Honda Amaze V Mt Diesel BS 6 Diesel",231001
"Honda Amaze V Mt Petrol BS 6 Petrol",231001
"Honda Amaze Vx Cvt Diesel BS 6 Diesel",231001
"Honda Amaze Vx Cvt Petrol BS 6 Petrol",231001
"Honda Amaze Vx Mt Diesel BS 6 Diesel",231001
"Honda Amaze Vx Mt Petrol BS 6 Petrol",231001
"Honda Brv E Petrol BS IV Petrol",231002
"Honda Brv S Diesel BS IV Diesel",231002
"Honda Brv S Petrol BS IV Petrol",231002
"Honda Brv V Cvt Petrol BS IV Petrol",231002
"Honda Brv V Diesel BS IV Diesel",231002
"Honda Brv V Petrol BS IV Petrol",231002
"Honda Brv Vx Diesel BS IV Diesel",231002
"Honda Brv Vx Petrol BS IV Petrol",231002
"Honda City Sv Mt Diesel BS IV Diesel",231001
"Honda City Sv Mt Petrol BS 6 Petrol",231001
"Honda City V Cvt Petrol BS 6 Petrol",231001
"Honda City V Mt Diesel BS IV Diesel",231001
"Honda City V Mt Petrol BS 6 Petrol",231001
"Honda City Vx Cvt Petrol BS 6 Petrol",231001
"Honda City Vx Mt Diesel BS IV Diesel",231001
"Honda City Vx Mt Petrol BS 6 Petrol",231001
"Honda City Zx Cvt Petrol BS 6 Petrol",231001
"Honda City Zx Mt Diesel BS IV Diesel",231001
"Honda Civic 1.6 Vx Mt BS 6 Diesel",231002
"Honda Civic 1.6 Zx Mt BS 6 Diesel",231002
"Honda Civic 1.8 V Cvt BS 6 Petrol",231002
"Honda Civic 1.8 Vx Cvt BS 6 Petrol",231002
"Honda Civic 1.8 Zx Cvt BS 6 Petrol",231002
"Honda Cr-V 2Wd Diesel At BS IV Diesel",231002
"Honda Cr-V 2Wd Petrol Cvt  Petrol",231002
"Honda Cr-V Awd Diesel At BS IV Diesel",231002
"Honda Jazz Exclusive Edition Cvt BS IV Petrol",231001
"Honda Jazz S Diesel BS IV Diesel",231001
"Honda Jazz V Cvt BS IV Petrol",231001
"Honda Jazz V Diesel BS IV Diesel",231001
"Honda Jazz V Petrol BS IV Petrol",231001
"Honda Jazz Vx Cvt BS IV Petrol",231001
"Honda Jazz Vx Diesel BS IV Diesel",231001
"Honda Jazz Vx Petrol BS IV Petrol",231001
"Honda Wr-V Edge Plus Edition Diesel BS IV Diesel",231002
"Honda Wr-V Edge Plus Edition Petrol BS IV Petrol",231002
"Honda Wr-V Exclusive Edition Diesel BS IV Diesel",231002
"Honda Wr-V Exclusive Edition Petrol BS IV Petrol",231002
"Honda Wr-V S Diesel BS IV Diesel",231002
"Honda Wr-V S Petrol BS IV Petrol",231002
"Honda Wr-V V Diesel BS IV Diesel",231002
"Honda Wr-V Vx Diesel BS IV Diesel",231002
"Honda Wr-V Vx Petrol BS IV Petrol",231002
"Hyundai Aura E 1.2 Petrol BS 6 Petrol",231001
"Hyundai Aura S 1.2 Amt Diesel BS 6 Diesel",231001
"Hyundai Aura S 1.2 Amt Petrol BS 6 Petrol",231001
"Hyundai Aura S 1.2 Cng Petrol (Cng + BS 6 CNG + Petrol",231001
"Hyundai Aura S 1.2 Diesel BS 6 Diesel",231001
"Hyundai Aura S 1.2 Petrol BS 6 Petrol",231001
"Hyundai Aura Sx (O) 1.2 Diesel BS 6 Diesel",231001
"Hyundai Aura Sx (O) 1.2 Petrol BS 6 Petrol",231001
"Hyundai Aura Sx 1.2 Petrol BS 6 Petrol",231001
"Hyundai Aura Sx Plus 1.0 Petrol BS 6 Petrol",231001
"Hyundai Aura Sx Plus 1.2 Amt Diesel BS 6 Diesel",231001
"Hyundai Aura Sx Plus 1.2 Amt Petrol BS 6 Petrol",231001
"Hyundai Creta 1.4 Crdi E Plus BS IV Diesel",231002
"Hyundai Creta 1.4 Crdi Ex BS IV Diesel",231002
"Hyundai Creta 1.4 Crdi S BS IV Diesel",231002
"Hyundai Creta 1.6 Crdi S At BS IV Diesel",231002
"Hyundai Creta 1.6 Crdi Sx (O) BS IV Diesel",231002
"Hyundai Creta 1.6 Crdi Sx (O) Executive BS IV Diesel",231002
"Hyundai Creta 1.6 Crdi Sx At BS IV Diesel",231002
"Hyundai Creta 1.6 Crdi Sx BS IV Diesel",231002
"Hyundai Creta 1.6 Crdi Sx Dual Tone BS IV Diesel",231002
"Hyundai Creta 1.6 Vtvt E Plus BS IV Petrol",231002
"Hyundai Creta 1.6 Vtvt Ex BS IV Petrol",231002
"Hyundai Creta 1.6 Vtvt Sx (O) BS IV Petrol",231002
"Hyundai Creta 1.6 Vtvt Sx (O) Executive BS IV Petrol",231002
"Hyundai Creta 1.6 Vtvt Sx At BS IV Petrol",231002
"Hyundai Creta 1.6 Vtvt Sx BS IV Petrol",231002
"Hyundai Creta 1.6 Vtvt Sx Dual Tone BS IV Petrol",231002
"Hyundai Creta Sports Edition Diesel BS IV Diesel",231002
"Hyundai Creta Sports Edition Petrol BS IV Petrol",231002
"Hyundai Elantra S BS 6 Petrol",231002
"Hyundai Elantra Sx At BS 6 Petrol",231002
"Hyundai Elantra Sx BS 6 Petrol",231002
"Hyundai Elantra Sx(O) At BS 6 Petrol",231002
"Hyundai Elite I20 Asta (O) 1.2 BS IV Petrol",231001
"Hyundai Elite I20 Asta (O) Crdi BS IV Diesel",231001
"Hyundai Elite I20 Asta (O) Cvt BS IV Petrol",231001
"Hyundai Elite I20 Era 1.2 BS IV Petrol",231001
"Hyundai Elite I20 Era 1.4 Crdi BS IV Diesel",231001
"Hyundai Elite I20 Magna Plus BS IV Petrol",231001
"Hyundai Elite I20 Magna Plus Crdi BS IV Diesel",231001
"Hyundai Elite I20 Sportz Plus BS IV Petrol",231001
"Hyundai Elite I20 Sportz Plus Crdi BS IV Diesel",231001
"Hyundai Elite I20 Sportz Plus Crdi Dual Tone BS IV Diesel",231001
"Hyundai Elite I20 Sportz Plus Cvt BS IV Petrol",231001
"Hyundai Elite I20 Sportz Plus Dual Tone BS IV Petrol",231001
"Hyundai Grand I10 1.2 Kappa Vtvt Magna At BS IV Petrol",231001
"Hyundai Grand I10 1.2 Kappa Vtvt Magna BS IV Petrol",231001
"Hyundai Grand I10 1.2 Kappa Vtvt Magna Cng BS IV CNG",231001
"Hyundai Grand I10 1.2 Kappa Vtvt Sportz At BS IV Petrol",231001
"Hyundai Grand I10 1.2 Kappa Vtvt Sportz BS IV Petrol",231001
"Hyundai Grand I10 1.2 Kappa Vtvt Sportz Dual Tone BS IV Petrol",231001
"Hyundai Grand I10 Nios Asta 1.2 Crdi BS 6 Diesel",231001
"Hyundai Grand I10 Nios Asta 1.2 Vtvt BS 6 Petrol",231001
"Hyundai Grand I10 Nios Era 1.2 Vtvt BS 6 Petrol",231001
"Hyundai Grand I10 Nios Magna 1.2 Crdi BS 6 Diesel",231001
"Hyundai Grand I10 Nios Magna 1.2 Vtvt BS 6 Petrol",231001
"Hyundai Grand I10 Nios Magna Amt 1.2 Vtvt BS 6 Petrol",231001
"Hyundai Grand I10 Nios Sportz 1.2 Vtvt BS 6 Petrol",231001
"Hyundai Grand I10 Nios Sportz Amt 1.2 Crdi BS 6 Diesel",231001
"Hyundai Grand I10 Nios Sportz Amt 1.2 Vtvt BS 6 Petrol",231001
"Hyundai Grand I10 Nios Sportz Dual Tone 1.2 Vtvt BS 6 Petrol",231001
"Hyundai Grand I10 Prime Era T Cng Vtvt BS IV CNG",231001
"Hyundai Grand I10 Prime Era T Crdi BS IV Diesel",231001
"Hyundai Grand I10 Prime Era T Vtvt BS IV Petrol",231001
"Hyundai Grand I10 Prime Era T+ Cng Vtvt BS IV CNG",231001
"Hyundai Grand I10 Prime Era T+ Crdi BS IV Diesel",231001
"Hyundai Grand I10 Prime Era T+ Vtvt BS IV Petrol",231001
"Hyundai I20 Active 1.2 S BS IV Petrol",231001
"Hyundai I20 Active 1.2 Sx BS IV Petrol",231001
"Hyundai I20 Active 1.2 Sx Dual Tone BS IV Petrol",231001
"Hyundai I20 Active 1.4 Sx BS IV Diesel",231001
"Hyundai Kona Electric Premium  Electric",231001
"Hyundai Santro Asta Mt BS IV Petrol",231001
"Hyundai Santro Era Mt BS IV Petrol",231001
"Hyundai Santro Magna Amt BS IV Petrol",231001
"Hyundai Santro Magna Mt BS IV Petrol",231001
"Hyundai Santro Magna Mt Cng BS IV CNG",231001
"Hyundai Santro Sportz Amt BS IV Petrol",231001
"Hyundai Santro Sportz Mt BS IV Petrol",231001
"Hyundai Santro Sportz Mt Cng BS IV CNG",231001
"Hyundai Tucson 2Wd At Gl Diesel BS IV Diesel",231002
"Hyundai Tucson 2Wd At Gl Petrol BS IV Petrol",231002
"Hyundai Tucson 2Wd At Gl(O) Diesel BS IV Diesel",231002
"Hyundai Tucson 2Wd At Gl(O) Petrol BS IV Petrol",231002
"Hyundai Tucson 2Wd At Gls Petrol BS IV Petrol",231002
"Hyundai Tucson 2Wd Mt Diesel BS IV Diesel",231002
"Hyundai Tucson 2Wd Mt Petrol BS IV Petrol",231002
"Hyundai Tucson 4Wd At Gls Diesel BS IV Diesel",231002
"Hyundai Venue 1.0 Turbo Gdi Dct S BS IV Petrol",231001
"Hyundai Venue 1.0 Turbo Gdi Dct Sx Plus BS IV Petrol",231001
"Hyundai Venue 1.0 Turbo Gdi Mt S BS IV Petrol",231001
"Hyundai Venue 1.0 Turbo Gdi Mt Sx BS IV Petrol",231001
"Hyundai Venue 1.0 Turbo Gdi Mt Sx Dual Tone BS IV Petrol",231001
"Hyundai Venue 1.0 Turbo Gdi Mt Sx(O) BS IV Petrol",231001
"Hyundai Venue 1.2 Kappa Mt E BS IV Petrol",231001
"Hyundai Venue 1.2 Kappa Mt S BS IV Petrol",231001
"Hyundai Venue 1.4 Crdi Mt E BS IV Diesel",231001
"Hyundai Venue 1.4 Crdi Mt S BS IV Diesel",231001
"Hyundai Venue 1.4 Crdi Mt Sx BS IV Diesel",231001
"Hyundai Venue 1.4 Crdi Mt Sx Dual Tone BS IV Diesel",231001
"Hyundai Venue 1.4 Crdi Mt Sx(O) BS IV Diesel",231001
"Hyundai Verna 1.4 Crdi E BS IV Diesel",231001
"Hyundai Verna 1.4 Crdi Ex BS IV Diesel",231001
"Hyundai Verna 1.4 Vtvt E BS IV Petrol",231001
"Hyundai Verna 1.4 Vtvt Ex BS IV Petrol",231001
"Hyundai Verna 1.6 Crdi Sx (O) BS IV Diesel",231001
"Hyundai Verna 1.6 Crdi Sx BS IV Diesel",231001
"Hyundai Verna 1.6 Crdi Sx Plus At BS IV Diesel",231001
"Hyundai Verna 1.6 Crdi Sx(O) At BS IV Diesel",231001
"Hyundai Verna 1.6 Vtvt Sx (O) Anniversary Edition BS IV Petrol",231001
"Hyundai Verna 1.6 Vtvt Sx (O) BS IV Petrol",231001
"Hyundai Verna 1.6 Vtvt Sx BS IV Petrol",231001
"Hyundai Verna 1.6 Vtvt Sx Plus At BS IV Petrol",231001
"Hyundai Verna 1.6 Vtvt Sx(O) At BS IV Petrol",231001
"Hyundai Xcent E BS IV Petrol",231001
"Hyundai Xcent E Crdi BS IV Diesel",231001
"Hyundai Xcent Prime Cng T (Cng + BS IV CNG + Petrol",231001
"Hyundai Xcent Prime Cng T + (Cng + BS IV CNG + Petrol",231001
"Hyundai Xcent Prime T BS IV Petrol",231001
"Hyundai Xcent Prime T Crdi BS IV Diesel",231001
"Hyundai Xcent Prime T+ BS IV Petrol",231001
"Hyundai Xcent Prime T+ Crdi BS IV Diesel",231001
"Hyundai Xcent S 1.2 BS IV Petrol",231001
"Hyundai Xcent S 1.2 Crdi BS IV Diesel",231001
"Hyundai Xcent S At 1.2 BS IV Petrol",231001
"Hyundai Xcent Sx 1.2 (O) BS IV Petrol",231001
"Hyundai Xcent Sx 1.2 BS IV Petrol",231001
"Hyundai Xcent Sx 1.2 Crdi (O) BS IV Diesel",231001
"Hyundai Xcent Sx 1.2 Crdi BS IV Diesel",231001
"Icml Extreme Ld Crdfi Non Ac 9 Seater Bsiv BS IV Diesel",231002
"Icml Extreme Ld Crdfi Ps Ac 9 Seater Bsiii BS IV Diesel",231002
"Icml Extreme Ld Crdfi Ps Ac 9 Seater Bsiv BS IV Diesel",231002
"Icml Extreme Ld Di Non Ac 9 Seater Bsiii BS III Diesel",231002
"Icml Extreme Ld Di Ps Ac 9 Seater Bsiii BS III Diesel",231002
"Icml Extreme Sd Crdfi 9 Seater Bsiii BS III Diesel",231002
"Icml Extreme Sd Crdfi 9 Seater Bsiv BS IV Diesel",231002
"Icml Extreme Sd Di 9 Seater Bsiii BS III Diesel",231002
"Icml Extreme Vd Crdfi 7 Seater Bsiii BS III Diesel",231002
"Icml Extreme Vd Crdfi 7 Seater Bsiv BS IV Diesel",231002
"Icml Extreme Vd Di 7 Seater Bsiii BS III Diesel",231002
"Isuzu Dmax V-Cross High Z BS IV Diesel",231002
"Isuzu Dmax V-Cross Standard BS IV Diesel",231002
"Isuzu Dmax V-Cross Z Prestige BS IV Diesel",231002
"Isuzu Mu-X 4X2 BS IV Diesel",231002
"Isuzu Mu-X 4X4 BS IV Diesel",231002
"Jaguar F-Pace Prestige BS IV Diesel",231002
"Jaguar F-Pace Prestige Petrol BS IV Petrol",231002
"Jaguar F-Type 2.0 Convertible R Dynamic BS IV Petrol",231002
"Jaguar F-Type 2.0 Coupe R Dynamic BS IV Petrol",231002
"Jaguar F-Type 2.0L Convertible BS IV Petrol",231002
"Jaguar F-Type 2.0L Coupe BS IV Petrol",231002
"Jaguar F-Type 5.0 Convertible R  Petrol",231002
"Jaguar F-Type 5.0 Coupe R BS IV Petrol",231002
"Jaguar F-Type Svr Convertible BS IV Petrol",231002
"Jaguar F-Type Svr Coupe BS IV Petrol",231002
"Jaguar Xe S Diesel BS 6 Diesel",231002
"Jaguar Xe S Petrol BS 6 Petrol",231002
"Jaguar Xe Se Diesel BS 6 Diesel",231002
"Jaguar Xe Se Petrol BS 6 Petrol",231002
"Jaguar Xf 2.0 Portfolio BS IV Petrol",231002
"Jaguar Xf 2.0 Portfolio Diesel BS IV Diesel",231002
"Jaguar Xf 2.0 Prestige BS IV Petrol",231002
"Jaguar Xf 2.0 Prestige Diesel BS IV Diesel",231002
"Jaguar Xf 2.0 Pure Diesel BS IV Diesel",231002
"Jaguar Xj 3.0L BS IV Diesel",231002
"Jaguar Xj 3.0L Portfolio BS IV Diesel",231002
"Jaguar Xj 50 BS IV Diesel",231002
"Jeep Compass 1.4 Limited (O) At BS 6 Petrol",231002
"Jeep Compass 1.4 Limited (O) At Petrol Black Pack BS 6 Petrol",231002
"Jeep Compass 1.4 Limited At BS 6 Petrol",231002
"Jeep Compass 1.4 Limited Plus At Petrol BS 6 Petrol",231002
"Jeep Compass 1.4 Longitude (O) At BS 6 Petrol",231002
"Jeep Compass 1.4 Sport BS 6 Petrol",231002
"Jeep Compass 1.4 Sport Plus BS 6 Petrol",231002
"Jeep Compass 2.0 Limited (O) 4X4 Black Pack BS 6 Diesel",231002
"Jeep Compass 2.0 Limited (O) 4X4 BS IV Diesel",231002
"Jeep Compass 2.0 Limited (O) Black Pack BS 6 Diesel",231002
"Jeep Compass 2.0 Limited (O) BS 6 Diesel",231002
"Jeep Compass 2.0 Limited 4X4 BS 6 Diesel",231002
"Jeep Compass 2.0 Limited BS 6 Diesel",231002
"Jeep Compass 2.0 Limited Plus 4X2 Diesel BS 6 Diesel",231002
"Jeep Compass 2.0 Limited Plus 4X4 At BS 6 Diesel",231002
"Jeep Compass 2.0 Limited Plus 4X4 Diesel BS 6 Diesel",231002
"Jeep Compass 2.0 Longitude (O) BS 6 Diesel",231002
"Jeep Compass 2.0 Longitude 4X4 At BS 6 Diesel",231002
"Jeep Compass 2.0 Longitude BS 6 Diesel",231002
"Jeep Compass 2.0 Sport BS 6 Diesel",231002
"Jeep Compass 2.0 Sport Plus BS 6 Diesel",231002
"Jeep Compass Trailhawk 2.0 Trailhawk (O) 4X4 At BS 6 Diesel",231002
"Jeep Compass Trailhawk 2.0 Trailhawk 4X4 At BS 6 Diesel",231002
"Jeep Grand Cherokee Limited BS IV Diesel",231002
"Jeep Grand Cherokee Srt BS IV Petrol",231002
"Jeep Grand Cherokee Summit BS IV Diesel",231002
"Jeep Grand Cherokee Summit Petrol BS IV Petrol",231002
"Jeep Wrangler Unlimited BS 6 Petrol",231002
"Kia Carnival Limousine 7 Str BS 6 Diesel",231002
"Kia Carnival Premium 7 Str BS 6 Diesel",231002
"Kia Carnival Premium 8 Str BS 6 Diesel",231002
"Kia Carnival Prestige 7 Str BS 6 Diesel",231002
"Kia Carnival Prestige 9 (6+3) Str BS 6 Diesel",231002
"Kia Seltos Gtk 1.4 BS 6 Petrol",231002
"Kia Seltos Gtx 1.4 BS 6 Petrol",231002
"Kia Seltos Gtx At 1.4 BS 6 Petrol",231002
"Kia Seltos Gtx Plus 1.4 BS 6 Petrol",231002
"Kia Seltos Hte 1.5 BS 6 Petrol",231002
"Kia Seltos Hte 1.5 Diesel BS 6 Diesel",231002
"Kia Seltos Htk 1.5 BS 6 Petrol",231002
"Kia Seltos Htk 1.5 Diesel BS 6 Diesel",231002
"Kia Seltos Htk Plus 1.5 BS 6 Petrol",231002
"Kia Seltos Htk Plus 1.5 Diesel BS 6 Diesel",231002
"Kia Seltos Htk Plus At 1.5 Diesel BS 6 Diesel",231002
"Kia Seltos Htx 1.5 BS 6 Petrol",231002
"Kia Seltos Htx 1.5 Diesel BS 6 Diesel",231002
"Kia Seltos Htx Cvt 1.5 BS 6 Petrol",231002
"Kia Seltos Htx Plus 1.5 Diesel BS 6 Diesel",231002
"Kia Seltos Htx Plus At 1.5 Diesel BS 6 Diesel",231002
"Lamborghini Aventador Lp 700-4 BS IV Petrol",231002
"Lamborghini Aventador Lp700-4 Roadster BS IV Petrol",231002
"Lamborghini Aventador S BS IV Petrol",231002
"Lamborghini Huracan Avio BS IV Petrol",231002
"Lamborghini Huracan Evo BS IV Petrol",231002
"Lamborghini Huracan Evo Rwd BS 6 Petrol",231002
"Lamborghini Huracan Evo Spyder BS IV Petrol",231002
"Lamborghini Huracan Lp 580-2 BS IV Petrol",231002
"Lamborghini Huracan Lp 580-2 Spyder BS IV Petrol",231002
"Lamborghini Huracan Lp 610-4 BS IV Petrol",231002
"Lamborghini Huracan Lp 610-4 Spyder BS IV Petrol",231002
"Lamborghini Huracan Performante BS IV Petrol",231002
"Lamborghini Urus V8 BS IV Petrol",231002
"Land Rover Discovery 3.0 Hse Diesel BS IV Diesel",231002
"Land Rover Discovery 3.0 Hse Luxury Diesel BS IV Diesel",231002
"Land Rover Discovery 3.0 Hse Luxury Petrol BS IV Petrol",231002
"Land Rover Discovery 3.0 Hse Petrol BS IV Petrol",231002
"Land Rover Discovery 3.0 S Diesel BS IV Diesel",231002
"Land Rover Discovery 3.0 S Petrol BS IV Petrol",231002
"Land Rover Discovery 3.0 Se Diesel BS IV Diesel",231002
"Land Rover Discovery 3.0 Se Petrol BS IV Petrol",231002
"Land Rover Discovery Sport R-Dynamic Se BS 6 Diesel",231002
"Land Rover Discovery Sport S BS 6 Diesel",231002
"Land Rover Rover Range 3.0L Tdv6 Vogue Diesel BS IV Diesel",231002
"Land Rover Rover Range 3.0L Tdv6 Vogue Lwb Diesel BS IV Diesel",231002
"Land Rover Rover Range 3.0L V6 Vogue Lwb Petrol BS IV Petrol",231002
"Land Rover Rover Range 3.0L V6 Vogue Se Lwb Petrol BS IV Petrol",231002
"Land Rover Rover Range 4.4L Sdv8 Autobiography Lwb Diesel BS IV Diesel",231002
"Land Rover Rover Range 4.4L Sdv8 Svautobiography Lwb Diesel BS IV Diesel",231002
"Land Rover Rover Range 4.4L Sdv8 Vogue Se Lwb Diesel BS IV Diesel",231002
"Land Rover Rover Range 5.0L V8 Autobiography Petrol BS IV Petrol",231002
"Land Rover Rover Range 5.0L V8 Svautobiography Dynamic Petrol BS IV Petrol",231002
"Land Rover Rover Range 5.0L V8 Svautobiography Lwb Petrol BS IV Petrol",231002
"Land Rover Rover Range Evoque Convertible 2.0 Hse Dynamic BS IV Petrol",231002
"Land Rover Rover Range Evoque S BS 6 Diesel",231002
"Land Rover Rover Range Evoque S Petrol BS 6 Petrol",231002
"Land Rover Rover Range Evoque Se R-Dynamic BS 6 Diesel",231002
"Land Rover Rover Range Evoque Se R-Dynamic Petrol BS 6 Petrol",231002
"Land Rover Rover Range Sport 2.0L Hse Petrol BS IV Petrol",231002
"Land Rover Rover Range Sport 2.0L S Petrol BS IV Petrol",231002
"Land Rover Rover Range Sport 2.0L Se Petrol BS IV Petrol",231002
"Land Rover Rover Range Sport 3.0L Tdv6 S Diesel BS IV Diesel",231002
"Land Rover Rover Range Sport 3.0L Tdv6 Se Diesel BS IV Diesel",231002
"Land Rover Rover Range Sport 3.0L V6 Hse Petrol BS IV Petrol",231002
"Land Rover Rover Range Sport 3.0L V6 Se Petrol BS IV Petrol",231002
"Land Rover Rover Range Sport 4.4L Sdv8 Hse Diesel BS IV Diesel",231002
"Land Rover Rover Range Sport 5.0L V8 Autobiography Dynamic Petrol  Petrol",231002
"Land Rover Rover Range Sport 5.0L V8 Svr Petrol  Petrol",231002
"Land Rover Rover Range Velar 2.0 Diesel R-Dynamic S BS IV Diesel",231002
"Land Rover Rover Range Velar 2.0 Petrol R-Dynamic S BS IV Petrol",231002
"Lexus Es 300H BS IV Hybrid",231002
"Lexus Lc 500H Coupe BS IV Hybrid",231002
"Lexus Ls 500H Distinct BS IV Hybrid",231002
"Lexus Ls 500H Luxury BS IV Hybrid",231002
"Lexus Ls 500H Ultra Luxury BS IV Hybrid",231002
"Lexus Lx 450D V8 BS IV Diesel",231002
"Lexus Lx 570 V8 BS IV Diesel",231002
"Lexus Nx 300H F-Sport BS IV Petrol",231002
"Lexus Nx 300H Luxury BS IV Petrol",231002
"Lexus Rx 450H 450Hl Luxury BS IV Petrol",231002
"Mahindra Alturas G4 2Wd At BS IV Diesel",231002
"Mahindra Alturas G4 4Wd At  Diesel",231002
"Mahindra Bolero Ex BS IV Diesel",231002
"Mahindra Bolero Ex Non Ac BS IV Diesel",231002
"Mahindra Bolero Power Plus Lx BS IV Diesel",231002
"Mahindra Bolero Power Plus Plus Ac Bs4 Ps BS IV Diesel",231002
"Mahindra Bolero Power Plus Plus Non Ac Bs4 Ps BS III Diesel",231002
"Mahindra Bolero Power Plus Sle BS IV Diesel",231002
"Mahindra Bolero Power Plus Slx BS IV Diesel",231002
"Mahindra Bolero Power Plus Zlx BS IV Diesel",231002
"Mahindra Bolero Sle BS IV Diesel",231002
"Mahindra Bolero Slx BS IV Diesel",231002
"Mahindra Bolero Zlx BS IV Diesel",231002
"Mahindra E Verito D2  Electric",231001
"Mahindra E Verito D4  Electric",231001
"Mahindra E Verito D6  Electric",231001
"Mahindra E2O Plus P4 BS IV Electric",231001
"Mahindra E2O Plus P6 BS IV Electric",231001
"Mahindra Kuv100 Nxt K2 5Str Cng Taxi BS IV Petrol",231001
"Mahindra Kuv100 Nxt K2 6Str BS IV Petrol",231001
"Mahindra Kuv100 Nxt K2 6Str Cng Taxi BS IV Petrol",231001
"Mahindra Kuv100 Nxt K2 D 5Str Taxi BS IV Diesel",231001
"Mahindra Kuv100 Nxt K2 D 6Str BS IV Diesel",231001
"Mahindra Kuv100 Nxt K2 D 6Str Taxi BS IV Diesel",231001
"Mahindra Kuv100 Nxt K2+ 6Str BS IV Petrol",231001
"Mahindra Kuv100 Nxt K2+ D 6Str BS IV Diesel",231001
"Mahindra Kuv100 Nxt K4+ 5Str BS IV Petrol",231001
"Mahindra Kuv100 Nxt K4+ 6Str BS IV Petrol",231001
"Mahindra Kuv100 Nxt K4+ D 5Str BS IV Diesel",231001
"Mahindra Kuv100 Nxt K4+ D 6Str BS IV Diesel",231001
"Mahindra Kuv100 Nxt K6+ 5Str BS IV Petrol",231001
"Mahindra Kuv100 Nxt K6+ 6Str BS IV Petrol",231001
"Mahindra Kuv100 Nxt K6+ D 5Str BS IV Diesel",231001
"Mahindra Kuv100 Nxt K6+ D 6Str BS IV Diesel",231001
"Mahindra Kuv100 Nxt K8 5Str BS IV Petrol",231001
"Mahindra Kuv100 Nxt K8 6 Str Dual Tone BS IV Petrol",231001
"Mahindra Kuv100 Nxt K8 6Str BS IV Petrol",231001
"Mahindra Kuv100 Nxt K8 D 5Str BS IV Diesel",231001
"Mahindra Kuv100 Nxt K8 D 6 Str Dual Tone BS IV Diesel",231001
"Mahindra Kuv100 Nxt K8 D 6Str BS IV Diesel",231001
"Mahindra Marazzo M2 7 Str BS IV Diesel",231002
"Mahindra Marazzo M2 8 Str BS IV Diesel",231002
"Mahindra Marazzo M4 7 Str BS IV Diesel",231002
"Mahindra Marazzo M4 8 Str BS IV Diesel",231002
"Mahindra Marazzo M6 7 Str BS IV Diesel",231002
"Mahindra Marazzo M6 8 Str BS IV Diesel",231002
"Mahindra Marazzo M8 7 Str BS IV Diesel",231002
"Mahindra Marazzo M8 8 Str BS IV Diesel",231002
"Mahindra Nuvosport N4 + BS IV Diesel",231002
"Mahindra Nuvosport N4 BS IV Diesel",231002
"Mahindra Nuvosport N6 Amt BS IV Diesel",231002
"Mahindra Nuvosport N6 BS IV Diesel",231002
"Mahindra Nuvosport N8 Amt BS IV Diesel",231002
"Mahindra Nuvosport N8 BS IV Diesel",231002
"Mahindra Scorpio 2Wd Getaway BS IV Diesel",231002
"Mahindra Scorpio 4Wd Getaway BS IV Diesel",231002
"Mahindra Scorpio S11 2Wd BS IV Diesel",231002
"Mahindra Scorpio S11 4Wd BS IV Diesel",231002
"Mahindra Scorpio S3 2Wd BS IV Diesel",231002
"Mahindra Scorpio S5 2Wd BS IV Diesel",231002
"Mahindra Scorpio S7 120 2Wd BS IV Diesel",231002
"Mahindra Scorpio S7 140 2Wd BS IV Diesel",231002
"Mahindra Scorpio S9 2Wd BS IV Diesel",231002
"Mahindra Thar 700 Special Edition BS IV Diesel",231002
"Mahindra Thar Crde Abs BS IV Diesel",231002
"Mahindra Thar Crde BS IV Diesel",231002
"Mahindra Tuv300 Plus P4 BS IV Diesel",231002
"Mahindra Tuv300 Plus P6 BS IV Diesel",231002
"Mahindra Tuv300 Plus P8 BS IV Diesel",231002
"Mahindra Tuv300 T10 (O) BS IV Diesel",231002
"Mahindra Tuv300 T10 (O) Dual Tone BS IV Diesel",231002
"Mahindra Tuv300 T10 BS IV Diesel",231002
"Mahindra Tuv300 T10 Dual Tone BS IV Diesel",231002
"Mahindra Tuv300 T4 Plus BS IV Diesel",231002
"Mahindra Tuv300 T6 Plus BS IV Diesel",231002
"Mahindra Tuv300 T8 BS IV Diesel",231002
"Mahindra Verito 1.5 D2 BS IV Diesel",231001
"Mahindra Verito 1.5 D4 Bs-Iv BS IV Diesel",231001
"Mahindra Verito 1.5 D6 Bs-Iv BS IV Diesel",231001
"Mahindra Verito Vibe D2 BS IV Diesel",231001
"Mahindra Verito Vibe D4 BS IV Diesel",231001
"Mahindra Verito Vibe D6 BS IV Diesel",231001
"Mahindra Xuv300 1.2 W4 BS 6 Petrol",231002
"Mahindra Xuv300 1.2 W6 BS 6 Petrol",231002
"Mahindra Xuv300 1.2 W8 BS 6 Petrol",231002
"Mahindra Xuv300 1.2 W8(O) BS 6 Petrol",231002
"Mahindra Xuv300 1.5 W4 BS 6 Diesel",231002
"Mahindra Xuv300 1.5 W6 Amt BS 6 Diesel",231002
"Mahindra Xuv300 1.5 W6 BS 6 Diesel",231002
"Mahindra Xuv300 1.5 W8 (O) Amt BS 6 Diesel",231002
"Mahindra Xuv300 1.5 W8 (O) BS 6 Diesel",231002
"Mahindra Xuv300 1.5 W8 Amt BS 6 Diesel",231002
"Mahindra Xuv300 1.5 W8 BS 6 Diesel",231002
"Mahindra Xuv500 G At BS IV Petrol",231002
"Mahindra Xuv500 G At BS IV Petrol",231002
"Mahindra Xuv500 W11 (O) At BS IV Diesel",231002
"Mahindra Xuv500 W11 (O) At BS IV Diesel",231002
"Mahindra Xuv500 W11 (O) Awd At BS IV Diesel",231002
"Mahindra Xuv500 W11 (O) Awd BS IV Diesel",231002
"Mahindra Xuv500 W11 (O) BS IV Diesel",231002
"Mahindra Xuv500 W11 (O) BS IV Diesel",231002
"Mahindra Xuv500 W11 At BS IV Diesel",231002
"Mahindra Xuv500 W11 At BS IV Diesel",231002
"Mahindra Xuv500 W11 BS IV Diesel",231002
"Mahindra Xuv500 W11 BS IV Diesel",231002
"Mahindra Xuv500 W3 BS IV Diesel",231002
"Mahindra Xuv500 W7 At BS IV Diesel",231002
"Mahindra Xuv500 W7 At BS IV Diesel",231002
"Mahindra Xuv500 W7 BS IV Diesel",231002
"Mahindra Xuv500 W7 BS IV Diesel",231002
"Mahindra Xuv500 W9 At BS IV Diesel",231002
"Mahindra Xuv500 W9 At BS IV Diesel",231002
"Mahindra Xuv500 W9 BS IV Diesel",231002
"Mahindra Xuv500 W9 BS IV Diesel",231002
"Mahindra Xylo D2 Bs-Iv BS IV Diesel",231002
"Mahindra Xylo D4 Bs-Iv BS IV Diesel",231002
"Mahindra Xylo H4 Abs Bs-Iv BS IV Diesel",231002
"Mahindra Xylo H4 Bs-Iv BS IV Diesel",231002
"Mahindra Xylo H8 Abs Airbags Bs-Iv BS IV Diesel",231002
"Maruti Suzuki Alto 800 Tour H1 (O) BS IV Petrol",231001
"Maruti Suzuki Alto 800 Tour H1 BS IV Petrol",231001
"Maruti Suzuki Alto K10 Lx BS IV Petrol",231001
"Maruti Suzuki Alto K10 Lxi BS IV Petrol",231001
"Maruti Suzuki Alto K10 Lxi Cng (O) BS IV CNG",231001
"Maruti Suzuki Alto K10 Vxi (O) BS IV Petrol",231001
"Maruti Suzuki Alto K10 Vxi Amt (O) BS IV Petrol",231001
"Maruti Suzuki Alto K10 Vxi BS IV Petrol",231001
"Maruti Suzuki Alto Lxi (O) BS 6 Petrol",231001
"Maruti Suzuki Alto Lxi (O) Cng (Cng + BS 6 CNG + Petrol",231001
"Maruti Suzuki Alto Lxi BS 6 Petrol",231001
"Maruti Suzuki Alto Lxi Cng (Cng + BS 6 CNG + Petrol",231001
"Maruti Suzuki Alto Std (O) BS 6 Petrol",231001
"Maruti Suzuki Alto Std BS 6 Petrol",231001
"Maruti Suzuki Alto Vxi BS 6 Petrol",231001
"Maruti Suzuki Alto Vxi Plus BS 6 Petrol",231001
"Maruti Suzuki Baleno 1.2 Alpha BS 6 Petrol",231001
"Maruti Suzuki Baleno 1.2 Alpha Cvt BS 6 Petrol",231001
"Maruti Suzuki Baleno 1.2 Delta BS 6 Petrol",231001
"Maruti Suzuki Baleno 1.2 Delta Cvt BS 6 Petrol",231001
"Maruti Suzuki Baleno 1.2 Delta Dualjet BS 6 Petrol",231001
"Maruti Suzuki Baleno 1.2 Sigma BS 6 Petrol",231001
"Maruti Suzuki Baleno 1.2 Zeta BS 6 Petrol",231001
"Maruti Suzuki Baleno 1.2 Zeta Cvt BS 6 Petrol",231001
"Maruti Suzuki Baleno 1.2 Zeta Dualjet BS 6 Petrol",231001
"Maruti Suzuki Baleno 1.3 Alpha BS IV Diesel",231001
"Maruti Suzuki Baleno 1.3 Delta BS IV Diesel",231001
"Maruti Suzuki Baleno 1.3 Sigma BS IV Diesel",231001
"Maruti Suzuki Baleno 1.3 Zeta BS IV Diesel",231001
"Maruti Suzuki Baleno Rs Rs 1.0 BS IV Petrol",231001
"Maruti Suzuki Celerio Lxi BS 6 Petrol",231001
"Maruti Suzuki Celerio Lxi Mt (O) BS 6 Petrol",231001
"Maruti Suzuki Celerio Tour H2 BS IV Petrol",231001
"Maruti Suzuki Celerio Tour H2 Cng BS IV CNG",231001
"Maruti Suzuki Celerio Vxi (O) Ags BS 6 Petrol",231001
"Maruti Suzuki Celerio Vxi (O) Mt BS 6 Petrol",231001
"Maruti Suzuki Celerio Vxi At BS 6 Petrol",231001
"Maruti Suzuki Celerio Vxi BS 6 Petrol",231001
"Maruti Suzuki Celerio Vxi Cng Mt BS 6 CNG",231001
"Maruti Suzuki Celerio X Vxi (O) BS IV Petrol",231001
"Maruti Suzuki Celerio X Vxi Amt (O) BS IV Petrol",231001
"Maruti Suzuki Celerio X Vxi Amt BS IV Petrol",231001
"Maruti Suzuki Celerio X Vxi BS IV Petrol",231001
"Maruti Suzuki Celerio X Zxi (O) BS IV Petrol",231001
"Maruti Suzuki Celerio X Zxi Amt (O) BS IV Petrol",231001
"Maruti Suzuki Celerio X Zxi Amt BS IV Petrol",231001
"Maruti Suzuki Celerio X Zxi BS IV Petrol",231001
"Maruti Suzuki Celerio Zxi (O) Ags BS 6 Petrol",231001
"Maruti Suzuki Celerio Zxi (Opt) BS 6 Petrol",231001
"Maruti Suzuki Celerio Zxi Ags BS 6 Petrol",231001
"Maruti Suzuki Celerio Zxi BS 6 Petrol",231001
"Maruti Suzuki Ciaz 1.3L Alpha Smart Hybrid BS IV Diesel",231002
"Maruti Suzuki Ciaz 1.3L Delta Smart Hybrid BS IV Diesel",231002
"Maruti Suzuki Ciaz 1.3L Sigma Smart Hybrid BS IV Diesel",231002
"Maruti Suzuki Ciaz 1.3L Zeta Smart Hybrid BS IV Diesel",231002
"Maruti Suzuki Ciaz 1.5L Alpha At Smart Hybrid BS 6 Petrol",231002
"Maruti Suzuki Ciaz 1.5L Alpha BS IV Diesel",231002
"Maruti Suzuki Ciaz 1.5L Alpha Smart Hybrid BS 6 Petrol",231002
"Maruti Suzuki Ciaz 1.5L Delta At Smart Hybrid BS 6 Petrol",231002
"Maruti Suzuki Ciaz 1.5L Delta BS IV Diesel",231002
"Maruti Suzuki Ciaz 1.5L Delta Smart Hybrid BS 6 Petrol",231002
"Maruti Suzuki Ciaz 1.5L Sigma Smart Hybrid BS 6 Petrol",231002
"Maruti Suzuki Ciaz 1.5L Zeta At Smart Hybrid BS 6 Petrol",231002
"Maruti Suzuki Ciaz 1.5L Zeta BS IV Diesel",231002
"Maruti Suzuki Ciaz 1.5L Zeta Smart Hybrid BS 6 Petrol",231002
"Maruti Suzuki Dzire Ldi BS IV Diesel",231001
"Maruti Suzuki Dzire Lxi BS IV Petrol",231001
"Maruti Suzuki Dzire Tour Ldi BS IV Diesel",231001
"Maruti Suzuki Dzire Tour Lxi BS IV Petrol",231001
"Maruti Suzuki Dzire Tour Lxi Cng BS IV CNG",231001
"Maruti Suzuki Dzire Vdi Amt BS IV Diesel",231001
"Maruti Suzuki Dzire Vdi BS IV Diesel",231001
"Maruti Suzuki Dzire Vxi Amt BS IV Petrol",231001
"Maruti Suzuki Dzire Vxi BS IV Petrol",231001
"Maruti Suzuki Dzire Zdi Amt BS IV Diesel",231001
"Maruti Suzuki Dzire Zdi BS IV Diesel",231001
"Maruti Suzuki Dzire Zdi Plus Amt BS IV Diesel",231001
"Maruti Suzuki Dzire Zdi Plus BS IV Diesel",231001
"Maruti Suzuki Dzire Zxi At BS IV Petrol",231001
"Maruti Suzuki Dzire Zxi BS IV Petrol",231001
"Maruti Suzuki Dzire Zxi Plus Amt BS IV Petrol",231001
"Maruti Suzuki Dzire Zxi Plus BS IV Petrol",231001
"Maruti Suzuki Eeco 5 Str BS 6 Petrol",231002
"Maruti Suzuki Eeco 5 Str With Ac+Htr BS 6 Petrol",231002
"Maruti Suzuki Eeco 5 Str With Ac+Htr Cng BS 6 CNG",231002
"Maruti Suzuki Eeco 5 Str With Htr Cng BS 6 CNG",231002
"Maruti Suzuki Eeco 7 Str BS 6 Petrol",231002
"Maruti Suzuki Ertiga 1.5L Vdi BS IV Diesel",231002
"Maruti Suzuki Ertiga 1.5L Zdi BS IV Diesel",231002
"Maruti Suzuki Ertiga 1.5L Zdi Plus BS IV Diesel",231002
"Maruti Suzuki Ertiga Lxi BS 6 Petrol",231002
"Maruti Suzuki Ertiga Vxi At BS 6 Petrol",231002
"Maruti Suzuki Ertiga Vxi BS 6 Petrol",231002
"Maruti Suzuki Ertiga Vxi Cng (Cng + BS 6 CNG + Petrol",231002
"Maruti Suzuki Ertiga Zxi At BS 6 Petrol",231002
"Maruti Suzuki Ertiga Zxi BS 6 Petrol",231002
"Maruti Suzuki Ertiga Zxi Plus BS 6 Petrol",231002
"Maruti Suzuki Gypsy Hard Top BS III Petrol",231002
"Maruti Suzuki Gypsy Soft Top BS III Petrol",231002
"Maruti Suzuki Ignis Alpha 1.2 Amt BS IV Petrol",231001
"Maruti Suzuki Ignis Alpha 1.2 Mt BS IV Petrol",231001
"Maruti Suzuki Ignis Delta 1.2 Amt BS IV Petrol",231001
"Maruti Suzuki Ignis Delta 1.2 Mt BS IV Petrol",231001
"Maruti Suzuki Ignis Sigma 1.2 Mt BS IV Petrol",231001
"Maruti Suzuki Ignis Zeta 1.2 Amt BS IV Petrol",231001
"Maruti Suzuki Ignis Zeta 1.2 Mt BS IV Petrol",231001
"Maruti Suzuki Omni 5 Str Bs-Iv BS IV Petrol",231002
"Maruti Suzuki Omni E 8 Str Bs-Iv BS IV Petrol",231002
"Maruti Suzuki R Wagon 1.2L Vxi (O) BS 6 Petrol",231001
"Maruti Suzuki R Wagon 1.2L Vxi Ags (O) BS 6 Petrol",231001
"Maruti Suzuki R Wagon 1.2L Vxi Ags BS 6 Petrol",231001
"Maruti Suzuki R Wagon 1.2L Vxi BS 6 Petrol",231001
"Maruti Suzuki R Wagon 1.2L Zxi Ags BS 6 Petrol",231001
"Maruti Suzuki R Wagon 1.2L Zxi BS 6 Petrol",231001
"Maruti Suzuki R Wagon Lxi (O) BS 6 Petrol",231001
"Maruti Suzuki R Wagon Lxi (O) Cng BS IV CNG",231001
"Maruti Suzuki R Wagon Lxi BS 6 Petrol",231001
"Maruti Suzuki R Wagon Lxi Cng BS IV CNG",231001
"Maruti Suzuki R Wagon Vxi (O) BS 6 Petrol",231001
"Maruti Suzuki R Wagon Vxi Ags (O) BS 6 Petrol",231001
"Maruti Suzuki R Wagon Vxi Ags BS 6 Petrol",231001
"Maruti Suzuki R Wagon Vxi BS 6 Petrol",231001
"Maruti Suzuki S-Cross 1.3L Alpha BS IV Diesel",231002
"Maruti Suzuki S-Cross 1.3L Delta BS IV Diesel",231002
"Maruti Suzuki S-Cross 1.3L Sigma BS IV Diesel",231002
"Maruti Suzuki S-Cross 1.3L Zeta BS IV Diesel",231002
"Maruti Suzuki S-Presso Lxi (O) BS 6 Petrol",231001
"Maruti Suzuki S-Presso Lxi BS 6 Petrol",231001
"Maruti Suzuki S-Presso Std (O) BS 6 Petrol",231001
"Maruti Suzuki S-Presso Std BS 6 Petrol",231001
"Maruti Suzuki S-Presso Vxi (O) Ags BS 6 Petrol",231001
"Maruti Suzuki S-Presso Vxi (O) BS 6 Petrol",231001
"Maruti Suzuki S-Presso Vxi Ags BS 6 Petrol",231001
"Maruti Suzuki S-Presso Vxi BS 6 Petrol",231001
"Maruti Suzuki S-Presso Vxi+ Ags BS 6 Petrol",231001
"Maruti Suzuki S-Presso Vxi+ BS 6 Petrol",231001
"Maruti Suzuki Swift Ldi BS IV Diesel",231001
"Maruti Suzuki Swift Lxi BS 6 Petrol",231001
"Maruti Suzuki Swift Vdi Amt BS IV Diesel",231001
"Maruti Suzuki Swift Vdi BS IV Diesel",231001
"Maruti Suzuki Swift Vxi Amt BS 6 Petrol",231001
"Maruti Suzuki Swift Vxi BS 6 Petrol",231001
"Maruti Suzuki Swift Zdi Amt BS IV Diesel",231001
"Maruti Suzuki Swift Zdi BS IV Diesel",231001
"Maruti Suzuki Swift Zdi Plus Amt BS IV Diesel",231001
"Maruti Suzuki Swift Zdi Plus BS IV Diesel",231001
"Maruti Suzuki Swift Zxi Amt BS 6 Petrol",231001
"Maruti Suzuki Swift Zxi BS 6 Petrol",231001
"Maruti Suzuki Swift Zxi Plus Amt BS 6 Petrol",231001
"Maruti Suzuki Swift Zxi Plus BS 6 Petrol",231001
"Maruti Suzuki Vitara Brezza Ldi BS IV Diesel",231002
"Maruti Suzuki Vitara Brezza Vdi Ags BS IV Diesel",231002
"Maruti Suzuki Vitara Brezza Vdi BS IV Diesel",231002
"Maruti Suzuki Vitara Brezza Zdi Ags BS IV Diesel",231002
"Maruti Suzuki Vitara Brezza Zdi BS IV Diesel",231002
"Maruti Suzuki Vitara Brezza Zdi+ Ags BS IV Diesel",231002
"Maruti Suzuki Vitara Brezza Zdi+ BS IV Diesel",231002
"Maruti Suzuki Vitara Brezza Zdi+ Dual Tone Ags BS IV Diesel",231002
"Maruti Suzuki Vitara Brezza Zdi+ Dual Tone BS IV Diesel",231002
"Maruti Suzuki Xl6 Alpha At BS 6 Petrol",231002
"Maruti Suzuki Xl6 Alpha Mt BS 6 Petrol",231002
"Maruti Suzuki Xl6 Zeta At BS 6 Petrol",231002
"Maruti Suzuki Xl6 Zeta Mt BS 6 Petrol",231002
"Maserati Ghibli Diesel BS IV Diesel",231002
"Maserati Ghibli Granlusso BS IV Diesel",231002
"Maserati Ghibli Gransport BS IV Diesel",231002
"Maserati Grancabrio Standard BS IV Petrol",231002
"Maserati Granturismo Sport BS IV Petrol",231002
"Maserati Levante Diesel BS IV Diesel",231002
"Maserati Levante Granlusson BS IV Diesel",231002
"Maserati Levante Gransport BS IV Diesel",231002
"Maserati Quattroporte Granlusso BS 6 Diesel",231002
"Mercedes-Benz B-Class B 180 Night Edition BS IV Petrol",231002
"Mercedes-Benz B-Class B 180 Sport BS IV Petrol",231002
"Mercedes-Benz B-Class B 200 Cdi Night Edition BS IV Diesel",231002
"Mercedes-Benz B-Class B 200 Cdi Sport BS IV Diesel",231002
"K 15 Sagarika: submarine-launched ballistic missile.",100000
"K 4: submarine-launched ballistic missile.",100000
"K-5 (SLBM): submarine-launched ballistic missile. (under development)",100000
"K-6 (SLBM): submarine launched intercontinental ballistic missile. (under development)",100000
"Shaurya: surface-to-surface hypersonic tactical missile.",100000
"BrahMos-A: air-launched cruise missile.",100000
"BrahMos-NG: miniature version based on the BrahMos (missile) (under development).",100000
"BrahMos-II: hypersonic missile (under development).",100000
"Astra BVRAAM: active radar homing beyond-visual-range missile.",100000
"DRDO SFDR BVRAAM:[5] Solid Fuel Ducted Ramjet propulsion based air to air missile",100000
"Novator KS-172 is a Russian/Indian air-to-air missile designed as an "AWACS killer" at ranges up to 400 km.",100000
"DRDO Anti-Radiation Missile: air-to-surface antiradiation missile (under development).",100000
"DRDO NASM-SR (Short Range - Naval Anti-Ship Missile)",100000
"Mercedes-Benz Cla-Class 200 Cdi Style BS IV Diesel",231002
"Mercedes-Benz Cla-Class 200 Sport BS IV Petrol",231002
"Mercedes-Benz G-Class Amg G 63 BS 6 Petrol",231002
"Mercedes-Benz G-Class G 350D BS 6 Diesel",231002
"Mercedes-Benz Gls 400 4Matic BS IV Petrol",231002
"Mercedes-Benz Gls 63 Amg BS IV Petrol",231002
"Mercedes-Benz Gls Grand Edition Diesel BS IV Diesel",231002
"Mercedes-Benz Gls Grand Edition Petrol BS IV Petrol",231002
"Mercedes-Benz Gls350 CdiBS IV Diesel",231002
"Mercedes-Benz Maybach S560 BS IV Petrol",231002
"Mercedes-Benz Maybach S650 BS IV Petrol",231002
"Mercedes-Benz S-Class Cabriolet S500 BS IV Petrol",231002
"Mg Hector 1.5L Sharp Dct BS IV Petrol",231002
"Mg Hector 1.5L Sharp Hybrid BS IV Hybrid",231002
"Mg Hector 1.5L Smart Dct BS IV Petrol",231002
"Mg Hector 1.5L Smart Hybrid BS IV Hybrid",231002
"Mg Hector 1.5L Style BS IV Petrol",231002
"Mg Hector 1.5L Super BS IV Petrol",231002
"Mg Hector 1.5L Super Hybrid BS IV Hybrid",231002
"Mg Hector 2.0L Sharp BS IV Diesel",231002
"Mg Hector 2.0L Smart BS IV Diesel",231002
"Mg Hector 2.0L Style BS IV Diesel",231002
"Mg Hector 2.0L Super BS IV Diesel",231002
"Mg Zs Ev Excite BS 6 Electric",231002
"Mg Zs Ev Exclusive BS 6 Electric",231002
"Mini Clubman Cooper S BS IV Petrol",231002
"Mini Convertible Cooper S BS IV Petrol",231002
"Mini Cooper 3 Door Cooper D BS IV Diesel",231002
"Mini Cooper 3 Door Cooper S BS IV Petrol",231002
"Mini Cooper 5 Door Cooper D BS IV Petrol",231002
"Mini Countryman Black Edition BS IV Petrol",231002
"Mini Countryman Cooper S BS IV Petrol",231002
"Mini Countryman Cooper S Jcw Inspired BS IV Petrol",231002
"Mini Countryman Cooper Sd BS IV Diesel",231002
"Mini John Cooper Works Hatch BS 6 Petrol",231002
"Mitsubishi Montero 3.2 At BS IV Diesel",231002
"Mitsubishi Outlander 2.4L Outlander  Petrol",231002
"Mitsubishi Pajero Sport 2.5 At BS IV Diesel",231002
"Mitsubishi Pajero Sport 2.5 Mt BS IV Diesel",231002
"Mitsubishi Pajero Sport Limited Edition BS IV Diesel",231002
"Mitsubishi Pajero Sport Select Plus At BS IV Diesel",231002
"Mitsubishi Pajero Sport Select Plus Mt BS IV Diesel",231002
"Nissan Gtr 3.8 V6 BS IV Petrol",231002
"Nissan Kicks Xe Diesel BS 6 Diesel",231002
"Nissan Kicks Xl Diesel BS 6 Diesel",231002
"Nissan Kicks Xl Petrol BS 6 Petrol",231002
"Nissan Kicks Xv Diesel BS 6 Diesel",231002
"Nissan Kicks Xv Petrol BS 6 Petrol",231002
"Nissan Kicks Xv Premium (O) BS 6 Diesel",231002
"Nissan Kicks Xv Premium (O) Dual Tone BS 6 Diesel",231002
"Nissan Kicks Xv Premium BS 6 Diesel",231002
"Nissan Micra Active Xl (O) BS IV Petrol",231001
"Nissan Micra Active Xl BS IV Petrol",231001
"Nissan Micra Active Xv BS IV Petrol",231001
"Nissan Micra Xl (O) Cvt BS IV Petrol",231001
"Nissan Micra Xld (O) BS IV Diesel",231001
"Nissan Micra Xv Cvt BS IV Petrol",231001
"Nissan Micra Xvd BS IV Diesel",231001
"Nissan Sunny Special Edition Diesel BS IV Diesel",231001
"Nissan Sunny Xe Diesel BS IV Diesel",231001
"Nissan Sunny Xe Petrol BS IV Petrol",231001
"Nissan Sunny Xl Diesel BS IV Diesel",231001
"Nissan Sunny Xl Petrol BS IV Petrol",231001
"Nissan Sunny Xv Cvt BS IV Petrol",231001
"Nissan Sunny Xv Diesel BS IV Diesel",231001
"Nissan Terrano Sport Edition BS IV Diesel",231002
"Nissan Terrano Xe D 85Ps BS IV Diesel",231002
"Nissan Terrano Xl (P) BS IV Petrol",231002
"Nissan Terrano Xl D(O) BS IV Diesel",231002
"Nissan Terrano Xv D Premium 110 Ps Amt BS IV Diesel",231002
"Nissan Terrano Xv D Premium 110 Ps BS IV Diesel",231002
"Porsche 718 Boxster BS IV Petrol",231002
"Porsche 718 Cayman BS IV Petrol",231002
"Porsche 911 Carrera S BS 6 Petrol",231002
"Porsche 911 Carrera S Cabriolet BS 6 Petrol",231002
"Porsche Cayenne Base BS 6 Petrol",231002
"Porsche Cayenne Coupe Base BS 6 Petrol",231002
"Porsche Cayenne Coupe Turbo BS 6 Petrol",231002
"Prithvi-I (SS-150): surface-to-surface ballistic missile.",100000
"Prithvi-II (SS-250): surface-to-surface ballistic missile.",100000
"Prithvi-III (SS-350): surface-to-surface ballistic missile.",100000
"Dhanush (missile): ship-launched surface-to-surface ballistic missile.",100000
"Agni-I MRBM: surface-to-surface medium-range ballistic missile.",100000
"Agni-II MRBM: surface-to-surface medium-range ballistic missile.",100000
"Agni-III IRBM: surface-to-surface intermediate-range ballistic missile.",100000
"Agni-IV IRBM: surface-to-surface intermediate-range ballistic missile.",100000
"Agni-V ICBM: surface-to-surface intercontinental ballistic missile.",100000
"Agni-VI: Four-stage Intercontinental ballistic missile.[4] (under development)",100000
"Surya: Intercontinental ballistic missile. Range:8000km - 17000km(Under development)",100000
"Porsche Cayenne E-Hybrid BS 6 Hybrid",231002
"Porsche Cayenne Turbo BS 6 Petrol",231002
"Porsche Macan Base BS 6 Petrol",231002
"Porsche Macan S BS IV Petrol",231002
"Porsche Panamera Turbo BS IV Petrol",231002
"Porsche Panamera Turbo Executive BS IV Petrol",231002
"Porsche Panamera Turbo Sport Turismo BS IV Petrol",231002
"Premier Rio Crdi4 BS IV Diesel",231002
"Premier Rio Dx BS IV Diesel",231001
"Premier Rio Ex BS IV Diesel",231001
"Premier Rio Glx BS IV Petrol",231001
"Premier Rio Gx BS IV Petrol",231001
"Premier Rio Lx BS IV Diesel",231001
"Renault Captur Platine Diesel Dual Tone BS IV Diesel",231002
"Renault Captur Platine Petrol Dual Tone BS IV Petrol",231002
"Renault Captur Rxe Diesel BS IV Diesel",231002
"Renault Captur Rxe Petrol BS IV Petrol",231002
"Renault Duster 110 Ps Rxs Awd (Opt) Diesel BS IV Diesel",231002
"Renault Duster 110 Ps Rxs Mt Diesel BS IV Diesel",231002
"Renault Duster 110 Ps Rxz Amt Diesel BS IV Diesel",231002
"Renault Duster 110 Ps Rxz Mt Diesel BS IV Diesel",231002
"Renault Duster 85 Ps Rxe Mt Diesel BS IV Diesel",231002
"Renault Duster 85 Ps Rxs Mt Diesel BS IV Diesel",231002
"Renault Duster Rxe Petrol BS IV Petrol",231002
"Renault Duster Rxs (Opt) Cvt BS IV Petrol",231002
"Renault Duster Rxs Petrol BS IV Petrol",231002
"Renault Kwid Climb r (O) Amt 1.0 BS 6 Petrol",231001
"Renault Kwid Climber (O) Mt 1.0 BS 6 Petrol",231001
"Renault Kwid Climber 1.0 Mt BS 6 Petrol",231001
"Renault Kwid Climber Amt 1.0 BS 6 Petrol",231001
"Renault Kwid Rxe 0.8 BS 6 Petrol",231001
"Renault Kwid Rxl 0.8 BS 6 Petrol",231001
"Renault Kwid Rxt (O) 1.0 BS 6 Petrol",231001
"Renault Kwid Rxt (O) Amt 1.0 BS 6 Petrol",231001
"Renault Kwid Rxt 0.8 BS 6 Petrol",231001
"Renault Kwid Rxt 1.0 BS 6 Petrol",231001
"Renault Kwid Rxt Amt 1.0 BS 6 Petrol",231001
"Renault Kwid Std 0.8 BS 6 Petrol",231001
"Renault Lodgy 85 Ps Rxe 7 Seater BS IV Diesel",231001
"Renault Lodgy 85 Ps Rxe 8 Seater BS IV Diesel",231001
"Renault Lodgy 85 Ps Std BS IV Diesel",231001
"Renault Lodgy Stepway Rxl 85Ps 8-Seater BS IV Diesel",231001
"Renault Lodgy Stepway Rxz 110Ps 7-Seater BS IV Diesel",231001
"Renault Lodgy Stepway Rxz 110Ps 8-Seater BS IV Diesel",231001
"Renault Lodgy Stepway Rxz 85Ps 8-Seater BS IV Diesel",231001
"Renault Triber Rxe BS 6 Petrol",231001
"Renault Triber Rxl BS 6 Petrol",231001
"Renault Triber Rxt BS 6 Petrol",231001
"Renault Triber Rxz BS 6 Petrol",231001
"Skoda Kodiaq Corporate Edition BS IV Diesel",231002
"Skoda Kodiaq Laurin And Klement BS IV Diesel",231002
"Skoda Kodiaq Scout 2.0 Tdi At BS 6 Diesel",231002
"Skoda Kodiaq Style 2.0 Tdi 4X4 At BS IV Diesel",231002
"Skoda Monte Carlo Monte Carlo 1.5 Tdi At BS IV Diesel",231002
"Skoda Monte Carlo Monte Carlo 1.5 Tdi Mt BS IV Diesel",231002
"Skoda Monte Carlo Monte Carlo 1.6 Mpi At BS IV Petrol",231002
"Skoda Monte Carlo Monte Carlo 1.6 Mpi Mt BS IV Petrol",231002
"Skoda Octavia Ambition 1.4 Tsi BS IV Petrol",231002
"Skoda Octavia Ambition 2.0 Tdi Cr BS IV Diesel",231002
"Skoda Octavia Corporate Edition 1.4 Tsi BS IV Petrol",231002
"Skoda Octavia Corporate Edition 2.0 Tdi BS IV Diesel",231002
"Skoda Octavia L & K 1.8 Tsi At BS IV Petrol",231002
"Skoda Octavia L & K 2.0 Tdi Cr At BS IV Diesel",231002
"Skoda Octavia Onyx 1.8 Tsi Dsg BS IV Petrol",231002
"Skoda Octavia Onyx 2.0 Tdi Dsg BS IV Diesel",231002
"Skoda Octavia Style 1.4 Tsi BS IV Petrol",231002
"Skoda Octavia Style 1.8 Tsi At BS IV Petrol",231002
"Skoda Octavia Style 2.0 Tdi Cr At BS IV Diesel",231002
"Skoda Octavia Style 2.0 Tdi Cr BS IV Diesel",231002
"Skoda Rapid 1.5 Tdi Cr Active BS IV Diesel",231002
"Skoda Rapid 1.5 Tdi Cr Ambition At BS IV Diesel",231002
"Skoda Rapid 1.5 Tdi Cr Ambition BS IV Diesel",231002
"Skoda Rapid 1.5 Tdi Cr Style At BS IV Diesel",231002
"Skoda Rapid 1.5 Tdi Cr Style BS IV Diesel",231002
"Skoda Rapid 1.6 Mpi Active BS IV Petrol",231002
"Skoda Rapid 1.6 Mpi Ambition At BS IV Petrol",231002
"Skoda Rapid 1.6 Mpi Ambition BS IV Petrol",231002
"Skoda Rapid 1.6 Mpi Style At BS IV Petrol",231002
"Skoda Rapid 1.6 Mpi Style BS IV Petrol",231002
"Skoda Rapid Onyx At Diesel BS IV Diesel",231002
"Skoda Rapid Onyx At Petrol BS IV Petrol",231002
"Skoda Rapid Onyx Mt Diesel BS IV Diesel",231002
"Skoda Rapid Onyx Mt Petrol BS IV Petrol",231002
"Skoda Superb Corporate Edition 1.8 Tsi At BS IV Petrol",231002
"Skoda Superb Corporate Edition 2.0 Tdi At BS IV Diesel",231002
"Skoda Superb L & K 1.8 Tsi At BS IV Petrol",231002
"Skoda Superb L & K 2.0 Tdi At BS IV Diesel",231002
"Skoda Superb Sportline Sportline 1.8L Tsi At BS IV Petrol",231002
"Skoda Superb Sportline Sportline 2.0L Tdi At BS IV Diesel",231002
"Skoda Superb Style 1.8 Tsi At BS IV Petrol",231002
"Skoda Superb Style 1.8 Tsi Mt BS IV Petrol",231002
"Skoda Superb Style 2.0 Tdi At BS IV Diesel",231002
"Tata Altroz Xe Diesel BS 6 Diesel",231001
"Tata Altroz Xe Petrol BS 6 Petrol",231001
"Tata Altroz Xm Diesel BS 6 Diesel",231001
"Tata Altroz Xm Petrol BS 6 Petrol",231001
"Tata Altroz Xt Diesel BS 6 Diesel",231001
"Tata Altroz Xt Petrol BS 6 Petrol",231001
"Tata Altroz Xz (O) Diesel BS 6 Diesel",231001
"Tata Altroz Xz (O) Petrol BS 6 Petrol",231001
"Tata Altroz Xz Diesel BS 6 Diesel",231001
"Tata Altroz Xz Petrol BS 6 Petrol",231001
"Tata Bolt Xe Diesel BS IV Diesel",231001
"Tata Bolt Xe Petrol BS IV Petrol",231001
"Tata Bolt Xm Diesel BS IV Diesel",231001
"Tata Bolt Xm Petrol BS IV Petrol",231001
"Tata Bolt Xms Diesel BS IV Diesel",231001
"Tata Bolt Xms Petrol BS IV Petrol",231001
"Tata Bolt Xt Diesel BS IV Diesel",231001
"Tata Bolt Xt Petrol BS IV Petrol",231001
"Tata Harrier Revotorq Dark Edition BS 6 Diesel",231002
"Tata Harrier Revotorq Xe BS 6 Diesel",231002
"Tata Harrier Revotorq Xm BS 6 Diesel",231002
"Tata Harrier Revotorq Xt BS 6 Diesel",231002
"Tata Harrier Revotorq Xz BS 6 Diesel",231002
"Tata Harrier Revotorq Xz Dual Tone BS 6 Diesel",231002
"Tata Hexa Xe 4X2 BS IV Diesel",231002
"Tata Hexa Xm 4X2 BS IV Diesel",231002
"Tata Hexa Xm Plus 4X2 BS IV Diesel",231002
"Tata Hexa Xma 4X2 BS IV Diesel",231002
"Tata Hexa Xt 4X2 BS IV Diesel",231002
"Tata Hexa Xt 4X4 BS IV Diesel",231002
"Tata Hexa Xta 4X2 BS IV Diesel",231002
"Tata Nano Genx Emax Xm BS IV CNG",231001
"Tata Nano Genx Xe BS IV Petrol",231001
"Tata Nano Genx Xm BS IV Petrol",231001
"Tata Nano Genx Xma BS IV Petrol",231001
"Tata Nano Genx Xt BS IV Petrol",231001
"Tata Nano Genx Xta BS IV Petrol",231001
"Tata Nexon Ev Xm BS VI Electric",231001
"Tata Nexon Ev Xz Plus BS VI Electric",231001
"Tata Nexon Ev Xz Plus Lux BS VI Electric",231001
"Tata Nexon Xe BS 6 Petrol",231001
"Tata Nexon Xe Diesel BS 6 Diesel",231001
"Tata Nexon Xm BS 6 Petrol",231001
"Tata Nexon Xm Diesel BS 6 Diesel",231001
"Tata Nexon Xma BS 6 Petrol",231001
"Tata Nexon Xma Diesel BS 6 Diesel",231001
"Tata Nexon Xz BS 6 Petrol",231001
"Tata Nexon Xz Diesel BS 6 Diesel",231001
"Tata Nexon Xz Plus (O) BS 6 Petrol",231001
"Tata Nexon Xz Plus (O) Diesel BS 6 Diesel",231001
"Tata Nexon Xz Plus (O) Diesel Dual Tone BS 6 Diesel",231001
"Tata Nexon Xz Plus (O) Dual Tone BS 6 Petrol",231001
"Tata Nexon Xz Plus BS 6 Petrol",231001
"Tata Nexon Xz Plus Diesel BS 6 Diesel",231001
"Tata Nexon Xz Plus Diesel Dual Tone BS 6 Diesel",231001
"Tata Nexon Xz Plus Dual Tone BS 6 Petrol",231001
"Tata Nexon Xza Plus (O) BS 6 Petrol",231001
"Tata Nexon Xza Plus (O) Diesel BS 6 Diesel",231001
"Tata Nexon Xza Plus (O) Diesel Dual Tone BS 6 Diesel",231001
"Tata Nexon Xza Plus (O) Dual Tone BS 6 Petrol",231001
"Tata Nexon Xza Plus BS 6 Petrol",231001
"Tata Nexon Xza Plus Diesel BS 6 Diesel",231001
"Tata Nexon Xza Plus Diesel Dual Tone BS 6 Diesel",231001
"Tata Nexon Xza Plus Dual Tone BS 6 Petrol",231001
"Tata Safari Storme 2.2 Ex 4X2 BS IV Diesel",231002
"Tata Safari Storme 2.2 Lx 4X2 BS IV Diesel",231002
"Tata Safari Storme 2.2 Vx 4X2 Varicor 400 BS IV Diesel",231002
"Tata Safari Storme 2.2 Vx 4X4 Varicor 400 BS IV Diesel",231002
"Tata Tiago Nrg 1.05L Revotorq BS IV Diesel",231001
"Tata Tiago Nrg 1.2L Revotron Amt BS IV Petrol",231001
"Tata Tiago Nrg 1.2L Revotron BS IV Petrol",231001
"Tata Tiago Revotron Xe BS 6 Petrol",231001
"Tata Tiago Revotron Xt BS 6 Petrol",231001
"Tata Tiago Revotron Xz BS 6 Petrol",231001
"Tata Tiago Revotron Xz Plus BS 6 Petrol",231001
"Tata Tiago Revotron Xz Plus Dual Tone BS 6 Petrol",231001
"Tata Tiago Revotron Xza BS 6 Petrol",231001
"Tata Tiago Revotron Xza Plus BS 6 Petrol",231001
"Tata Tiago Revotron Xza Plus Dual Tone BS 6 Petrol",231001
"Tata Tigor Ev Xe+ BS VI Electric",231001
"Tata Tigor Ev Xm+ BS VI Electric",231001
"Tata Tigor Ev Xt+ BS VI Electric",231001
"Tata Tigor Revotron Xe BS 6 Petrol",231001
"Tata Tigor Revotron Xm BS 6 Petrol",231001
"Tata Tigor Revotron Xma BS 6 Petrol",231001
"Tata Tigor Revotron Xz BS 6 Petrol",231001
"Tata Tigor Revotron Xz Plus BS 6 Petrol",231001
"Tata Tigor Revotron Xza Plus BS 6 Petrol",231001
"Tata Winger 15S BS 6 Diesel",231002
"Tata Zest Xe Diesel BS IV Diesel",231001
"Tata Zest Xe Petrol BS IV Petrol",231001
"Tata Zest Xm Diesel BS IV Diesel",231001
"Tata Zest Xm Petrol BS IV Petrol",231001
"Tata Zest Xma Diesel BS IV Diesel",231001
"Tata Zest Xms Diesel BS IV Diesel",231001
"Tata Zest Xms Petrol BS IV Petrol",231001
"Tata Zest Xt Diesel BS IV Diesel",231001
"Tata Zest Xt Petrol BS IV Petrol",231001
"Tata Zest Xta Diesel BS IV Diesel",231001
"Tata Zest Zest Premio Edition BS IV Diesel",231001
"Toyota Camry Hybrid BS IV Hybrid",231002
"Toyota Corolla Altis G At Petrol BS IV Petrol",231002
"Toyota Corolla Altis G Diesel BS IV Diesel",231002
"Toyota Corolla Altis G Petrol BS IV Petrol",231002
"Toyota Corolla Altis Gl Diesel BS IV Diesel",231002
"Toyota Corolla Altis Gl Petrol BS IV Petrol",231002
"Toyota Corolla Altis Vl At Petrol BS IV Petrol",231002
"Toyota Etios Cross 1.2 X Edition BS IV Petrol",231001
"Toyota Etios Cross 1.4 X Edition BS IV Diesel",231001
"Toyota Etios Cross G BS IV Petrol",231001
"Toyota Etios Cross Gd BS IV Diesel",231001
"Toyota Etios Cross V BS IV Petrol",231001
"Toyota Etios Cross Vd BS IV Diesel",231001
"Toyota Etios Liva Dual Tone V BS IV Petrol",231001
"Toyota Etios Liva Dual Tone Vd BS IV Diesel",231001
"Toyota Etios Liva Dual Tone Vx BS IV Petrol",231001
"Toyota Etios Liva Dual Tone Vxd BS IV Diesel",231001
"Toyota Etios Liva G BS IV Petrol",231001
"Toyota Etios Liva Gd BS IV Diesel",231001
"Toyota Etios Liva Gx BS IV Petrol",231001
"Toyota Etios Liva Gxd BS IV Diesel",231001
"Toyota Etios Liva V BS IV Petrol",231001
"Toyota Etios Liva Vd BS IV Diesel",231001
"Toyota Etios Liva Vx BS IV Petrol",231001
"Toyota Etios Liva Vx Dual Tone Limited Edition BS IV Petrol",231001
"Toyota Etios Liva Vxd BS IV Diesel",231001
"Toyota Etios Liva Vxd Dual Tone Limited Edition BS IV Diesel",231001
"Toyota Fortuner 2.7 4X2 At BS IV Petrol",231002
"Toyota Fortuner 2.7 4X2 Mt BS IV Petrol",231002
"Toyota Fortuner 2.8 4X2 At BS IV Diesel",231002
"Toyota Fortuner 2.8 4X2 Mt BS IV Diesel",231002
"Toyota Fortuner 2.8 4X4 At BS IV Diesel",231002
"Toyota Fortuner 2.8 4X4 Mt BS IV Diesel",231002
"Toyota Fortuner Trd Celebratory Edition BS IV Diesel",231002
"Toyota Glanza G Cvt BS 6 Petrol",231001
"Toyota Glanza G Hybrid BS 6 Petrol",231001
"Toyota Glanza G Mt BS 6 Petrol",231001
"Toyota Glanza V BS 6 Petrol",231001
"Toyota Glanza V Cvt BS 6 Petrol",231001
"Toyota Innova Crysta 2.4 G Plus 7 Str BS VI Diesel",231002
"Toyota Innova Crysta 2.4 G Plus 8 Str BS VI Diesel",231002
"Toyota Innova Crysta 2.4 Gx 7 Str BS VI Diesel",231002
"Toyota Innova Crysta 2.4 Gx 8 Str BS VI Diesel",231002
"Toyota Innova Crysta 2.4 Vx 7 Str BS IV Diesel",231002
"Toyota Innova Crysta 2.4 Vx 8 Str BS VI Diesel",231002
"Toyota Innova Crysta 2.4 Zx 7 Str BS VI Diesel",231002
"Toyota Innova Crysta 2.7 Gx At 7 Str BS VI Petrol",231002
"Toyota Innova Crysta 2.7 Gx At 8 Str BS VI Petrol",231002
"Toyota Innova Crysta 2.7 Gx Mt 7 Str BS VI Petrol",231002
"Toyota Innova Crysta 2.7 Gx Mt 8 Str BS VI Petrol",231002
"Toyota Innova Crysta 2.7 Vx 7 Str BS IV Petrol",231002
"Toyota Innova Crysta 2.7 Zx At 7 Str BS IV Petrol",231002
"Toyota Innova Crysta Touring Sport 2.4 Vx 7 Str BS VI Diesel",231002
"Toyota Innova Crysta Touring Sport 2.7 Vx 7 Str BS VI Petrol",231002
"Toyota Innova Crysta Touring Sport 2.7 Zx At 7 Str BS VI Petrol",231002
"Toyota Land Cruiser Prado Vx L BS IV Diesel",231002
"Toyota Land Cruiser Vx BS IV Diesel",231002
"Toyota Platinum Etios G BS IV Petrol",231001
"Toyota Platinum Etios Gd BS IV Diesel",231001
"Toyota Platinum Etios Gx BS IV Petrol",231001
"Toyota Platinum Etios Gxd BS IV Diesel",231001
"Toyota Platinum Etios V BS IV Petrol",231001
"Toyota Platinum Etios Vd BS IV Diesel",231001
"Toyota Platinum Etios Vx BS IV Petrol",231001
"Toyota Platinum Etios Vx Limited Edition BS IV Petrol",231001
"Toyota Platinum Etios Vxd BS IV Diesel",231001
"Toyota Platinum Etios Vxd Limited Edition BS IV Diesel",231001
"Toyota Prius Z8 BS IV Hybrid",231001
"Toyota Yaris G (O) BS IV Petrol",231001
"Toyota Yaris G (O) Cvt BS IV Petrol",231001
"Toyota Yaris G BS IV Petrol",231001
"Toyota Yaris G Cvt BS IV Petrol",231001
"Toyota Yaris J (O) BS IV Petrol",231001
"Toyota Yaris J (O) Cvt BS IV Petrol",231001
"Toyota Yaris J BS IV Petrol",231001
"Toyota Yaris J Cvt BS IV Petrol",231001
"Toyota Yaris V (O) BS IV Petrol",231001
"Toyota Yaris V (O) Cvt BS IV Petrol",231001
"Toyota Yaris V BS IV Petrol",231001
"Toyota Yaris V Cvt BS IV Petrol",231001
"Toyota Yaris Vx BS IV Petrol",231001
"Toyota Yaris Vx Cvt BS IV Petrol",231001
"Volkswagen Ameo Comfortline 1.0L BS IV Petrol",231001
"Volkswagen Ameo Comfortline 1.5L Tdi BS IV Diesel",231001
"Volkswagen Ameo Gt Line Tdi Dsg BS IV Diesel",231001
"Volkswagen Ameo Highline Plus 1.0L BS IV Petrol",231001
"Volkswagen Ameo Highline Plus 1.5L Tdi BS IV Diesel",231001
"Volkswagen Ameo Highline Plus 1.5L Tdi Dsg BS IV Diesel",231001
"Volkswagen Ameo Trendline 1.0L BS IV Petrol",231001
"Volkswagen Ameo Trendline 1.5L Tdi BS IV Diesel",231001
"Volkswagen Passat 2.0 Tdi Comfortline BS IV Diesel",231002
"Volkswagen Passat 2.0 Tdi Comfortline Connect BS IV Diesel",231002
"Volkswagen Passat 2.0 Tdi Highline BS IV Diesel",231002
"Volkswagen Passat 2.0 Tdi Highline Connect BS IV Diesel",231002
"Volkswagen Polo Comfortline 1.0 (P) BS IV Petrol",231001
"Volkswagen Polo Comfortline 1.5 (D) BS IV Diesel",231001
"Volkswagen Polo Gt Tdi BS IV Diesel",231001
"Volkswagen Polo Gt Tsi BS IV Petrol",231001
"Volkswagen Polo Highline Plus 1.0 (P) BS IV Petrol",231001
"Volkswagen Polo Highline Plus 1.5 (D) BS IV Diesel",231001
"Volkswagen Polo Trendline 1.0L (P) BS IV Petrol",231001
"Volkswagen Polo Trendline 1.5L (D) BS IV Diesel",231001
"Volkswagen Tiguan Comfortline 2.0L Tdi Amt BS IV Diesel",231002
"Volkswagen Tiguan Highline 2.0L Tdi Amt BS IV Diesel",231002
"Volkswagen Vento Comfortline 1.5 (D) BS IV Diesel",231001
"Volkswagen Vento Comfortline 1.6 (P) BS IV Petrol",231001
"Volkswagen Vento Gt Line (D) BS IV Diesel",231001
"Volkswagen Vento Gt Line (P) Dsg BS IV Petrol",231001
"Volkswagen Vento Highline 1.2 (P) Dsg BS IV Petrol",231001
"Volkswagen Vento Highline 1.5 (D) BS IV Diesel",231001
"Volkswagen Vento Highline 1.5 (D) Dsg BS IV Diesel",231001
"Volkswagen Vento Highline 1.6 (P) BS IV Petrol",231001
"Volkswagen Vento Highline Plus 1.2 (P) Dsg BS IV Petrol",231001
"Volkswagen Vento Highline Plus 1.5 (D) Dsg BS IV Diesel",231001
"Volkswagen Vento Trendline 1.5 (D) BS IV Diesel",231001
"Volkswagen Vento Trendline 1.6 (P) BS IV Petrol",231001
"Volvo S60 Cross Country D4 BS IV Diesel",231002
"Volvo S60 Momentum BS IV Diesel",231002
"Volvo S60 Polestar BS IV Petrol",231002
"Volvo S90 D4 Inscription BS IV Diesel",231002
"Volvo V40 Cross Country D3 BS IV Diesel",231002
"Volvo V40 Cross Country T4 BS IV Petrol",231002
"Volvo V40 Kinetic BS IV Diesel",231002
"Volvo V40 R Design BS IV Diesel",231002
"Volvo V90 Cross Country D5 Inscription BS IV Diesel",231002
"Volvo Xc40 D4 Inscription BS IV Diesel",231002
"Volvo Xc40 D4 Momentum BS IV Diesel",231002
"Volvo Xc40 T4 R-Design BS 6 Petrol",231002
"Volvo Xc60 Inscription D5 BS IV Diesel",231002
"Volvo Xc90 D5 Inscription BS IV Diesel",231002
"Volvo Xc90 D5 Momentum BS IV Diesel",231002
"Volvo Xc90 D5 R-Design BS IV Diesel",231002
"Volvo Xc90 T8 Excellence BS IV Hybrid",231002
"Volvo Xc90 T8 Inscription BS IV Hybrid",231002
"HP DeskJet Ink Advantage 3635 All-in-One Printer (F5S44B)",010201
"Canon E4270 All-in-One Ink Efficient WiFi Printer with FAX Multi-function Color Printer  (Black)",010201
"Canon E4270 All-in-One Ink Efficient WiFi Printer with FAX Multi-function Color Printer  (Black)",010201
"Canon E4270 All-in-One Ink Efficient WiFi Printer with FAX/ADF/Duplex Printing (Black)",010201
"Canon Pixma G 2000 Multi-function Color Printer  (Black, Ink Bottle)",010201
"HP DeskJet Ink Advantage 5075 All-in-One Printer (Print, Scan, Copy, Wifi-DIRECT, Duplex)",010201
"Canon E4270 All-in-One Ink Efficient WiFi Printer with FAX Multi-function Color Printer  (Black)",010201
"Canon E4270 All-in-One Ink Efficient WiFi Printer with FAX/ADF/Duplex Printing (Black)",010201
"Canon Pixma G 2000 Multi-function Color Printer  (Black, Ink Bottle)",010201
"HP DeskJet Ink Advantage 5075 All-in-One Printer (Print, Scan, Copy, Wifi-DIRECT, Duplex)",010201
"MANTRA MIS100V2 Single IRIS Scanner USB for AADHAR AUTHENTICATION and AYUSHMAND Bharat",010201
"AASM",100000
"Aerospatiale AS-12",100000
"Apache",100000
"AS.30",100000
"ASMP",100000
"Crotale surface-to-air missile",100000
"ENTAC",100000
"ERYX (France-Canada)",100000
"Masurca (Naval SAM)",100000
"Akash: surface-to-air missile.",100000
"Nag: anti-tank missile",100000
"Helina: air-launched anti-tank missile",100000
"SANT Missile:[2] Standoff anti-tank missile",100000
"Amogha missile: anti-tank missile.",100000
"CLGM: Cannon launched anti-tank missile.[3]",100000
"MPATGM - Man-Portable Anti-Tank Guided Missile",100000
"DRDO SAAW: Precision guided anti airfield bomb",100000
"HP Deskjet Ink Advantage 3545 e-All-in-One Printer",010201
"HP DeskJet Ink Advantage 4535 All-in-One Multi-function Wireless Color Printer  (White, Ink Cartridge)",010201
"Canon Pixma G 2000 Multi-function Color Printer  (Black, Ink Bottle)",010201
"Canon Pixma G2000 All-in-One Ink Tank Colour Printer (Black)",010201
"Epson L455 Wireless Inkjet Printer",010201
"Brother DCP-T310 Inktank Refill System Printer",010201
"Ricoh SP210SU Monochrome Multi-Function Laser Printer (White)",010201
"Panasonic KX-MB1500 Multi Function Laser Printer",010201
"Honeywell Orbit 7120-1D 1D/2D DESKTOP SCANNERS |Barcode readers|Image Readers (Black)",010201
"Fujitsu PA03641-B005 Document Scanner",010201
"Fujitsu ScanSnap iX1500 Sheetfed Scanner - 600 dpi Optical - 30 ppm (Mono) - 30 ppm (Color) - Duple",010201
"Everycom 1D Single Line Handheld Laser Barcode Scanner - Black",010201
"Zebra/Motorola Symbol DS4308-SR Next Generation Handheld Omnidirectional Barcode Scanner/Imager ( 1-D, 2-D and PDF417) with USB Cable",010201
"iBall LS-392 Wired USB Optical Laser High Speed 1D Barcode Scanner Reader",010201
"TVSE BSC 101 Bar Code Scanner with Ultrascan Decoding Technology",010201
"Tvs BSC-101 STAR 1D Barcode Scanner",010201
"RETSOL LS 450 Laser Barcode Scanner BIS Approved, Handheld 1 D USB Wired Barcode Reader Optical Laser High Speed for POS System Supermarket",010201
"Pegasus PS1146 Laser Barcode Scanner (Black)",010201
"SYGA Wired Barcode Scanner Laser Barcode Scanner X530",010201